Workbook

Sheet P1
A1: prime | B1: target | C1: relation | D1: target_type | E1: correct_key | F1: thisN | G1: thisTrialN | H1: thisRepN | I1: key_resp.keys | J1: key_resp.corr | K1: key_resp.rt | L1: key_resp.duration | M1: trials.thisRepN | N1: trials.thisTrialN | O1: trials.thisN | P1: trials.thisIndex | Q1: thisRow.t | R1: notes | S1: trial.started | T1: instr_text.started | U1: instr_key.started | V1: trial.stopped | W1: instr_key.keys | X1: instr_key.rt | Y1: instr_key.duration | Z1: fixation.started | AA1: fixation1.started | AB1: fixation1.stopped | AC1: fixation.stopped | AD1: prime.started | AE1: prime_text.started | AF1: prime.stopped | AG1: gap.started | AH1: gap1.started | AI1: gap.stopped | AJ1: target_response.started | AK1: target_text.started | AL1: key_resp.started | AM1: target_text.stopped | AN1: target_response.stopped | AO1: trials.key_resp.keys | AP1: trials.key_resp.corr | AQ1: trials.key_resp.rt | AR1: trials.key_resp.duration | AS1: response | AT1: correct | AU1: prime_text.stopped | AV1: gap1.stopped | AW1: iti.started | AX1: text.started | AY1: text.stopped | AZ1: iti.stopped | BA1: end.started | BB1: end_text.started | BC1: end_key.started | BD1: end.stopped | BE1: end_key.keys | BF1: end_key.rt | BG1: end_key.duration | BH1: participant | BI1: session | BJ1: date | BK1: expName | BL1: expVersion | BM1: psychopyVersion | BN1: frameRate | BO1: expStart | BP1: Unnamed: 67 | BQ1: participant_file | BR1: Unnamed: 65 | BS1: Unnamed: 66 | BT1: Unnamed: 56
A2: salt | B2: peppero | C2: related | D2: nonword | E2: z | F2: 0 | G2: 0 | H2: 0 | I2: z | J2: 1 | K2: 1.198947 | L2: None | M2: 0 | N2: 0 | O2: 0 | P2: 72 | Q2: 6.625895 | AD2: 6.620208 | AE2: 6.625895 | AF2: 6.736146 | AG2: 6.73622 | AH2: 6.743245 | AI2: 6.776761 | AJ2: 6.780909 | AK2: 6.788757 | AL2: 6.788757 | AN2: 7.99479 | AO2: z | AP2: 1 | AQ2: 1.198947 | AR2: None | AS2: z | AT2: TRUE | AV2: 6.788757 | BH2: 1 | BI2: 1 | BJ2: 2025-11-17_09h53.34.131 | BK2: solo project | BM2: 2025.1.1 | BN2: 121.3555 | BO2: 2025-11-17 09h53.39.476207 +0530 | BQ2: 01_solo project_2025-11-17_09h53.34.131.csv
A3: fire | B3: blanket | C3: unrelated | D3: word | E3: m | F3: 1 | G3: 1 | H3: 0 | I3: m | J3: 1 | K3: 0.556175 | L3: None | M3: 0 | N3: 1 | O3: 1 | P3: 39 | Q3: 8.005464 | AD3: 7.995167 | AE3: 8.005464 | AF3: 8.14553 | AG3: 8.145577 | AH3: 8.151998 | AI3: 8.186675 | AJ3: 8.190973 | AK3: 8.197563 | AL3: 8.197563 | AN3: 8.761426 | AO3: m | AP3: 1 | AQ3: 0.556175 | AR3: None | AS3: m | AT3: TRUE | AV3: 8.197563 | BH3: 1 | BI3: 1 | BJ3: 2025-11-17_09h53.34.131 | BK3: solo project | BM3: 2025.1.1 | BN3: 121.3555 | BO3: 2025-11-17 09h53.39.476207 +0530 | BQ3: 01_solo project_2025-11-17_09h53.34.131.csv
A4: ball | B4: mirror | C4: unrelated | D4: word | E4: m | F4: 2 | G4: 2 | H4: 0 | I4: m | J4: 1 | K4: 0.459801 | L4: None | M4: 0 | N4: 2 | O4: 2 | P4: 48 | Q4: 8.77199 | AD4: 8.761854 | AE4: 8.77199 | AF4: 8.910041 | AG4: 8.91009 | AH4: 8.919359 | AI4: 8.953219 | AJ4: 8.957163 | AK4: 8.963913 | AL4: 8.963913 | AN4: 9.42815 | AO4: m | AP4: 1 | AQ4: 0.459801 | AR4: None | AS4: m | AT4: TRUE | AU4: 8.919359 | AV4: 8.963913 | BH4: 1 | BI4: 1 | BJ4: 2025-11-17_09h53.34.131 | BK4: solo project | BM4: 2025.1.1 | BN4: 121.3555 | BO4: 2025-11-17 09h53.39.476207 +0530 | BQ4: 01_solo project_2025-11-17_09h53.34.131.csv
A5: teacher | B5: student | C5: related | D5: word | E5: m | F5: 3 | G5: 3 | H5: 0 | I5: m | J5: 1 | K5: 0.486474 | L5: None | M5: 0 | N5: 3 | O5: 3 | P5: 4 | Q5: 9.447045 | AD5: 9.428621 | AE5: 9.447045 | AF5: 9.586916 | AG5: 9.586996 | AH5: 9.593891 | AI5: 9.636144 | AJ5: 9.640589 | AK5: 9.647249 | AL5: 9.647249 | AN5: 10.13815 | AO5: m | AP5: 1 | AQ5: 0.486474 | AR5: None | AS5: m | AT5: TRUE | BH5: 1 | BI5: 1 | BJ5: 2025-11-17_09h53.34.131 | BK5: solo project | BM5: 2025.1.1 | BN5: 121.3555 | BO5: 2025-11-17 09h53.39.476207 +0530 | BQ5: 01_solo project_2025-11-17_09h53.34.131.csv
A6: flower | B6: bottlev | C6: unrelated | D6: nonword | E6: z | F6: 4 | G6: 4 | H6: 0 | I6: z | J6: 1 | K6: 0.478482 | L6: None | M6: 0 | N6: 4 | O6: 4 | P6: 99 | Q6: 10.14869 | AD6: 10.13854 | AE6: 10.14869 | AF6: 10.28578 | AG6: 10.28584 | AH6: 10.29216 | AI6: 10.32659 | AJ6: 10.33248 | AK6: 10.33914 | AL6: 10.33914 | AN6: 10.82154 | AO6: z | AP6: 1 | AQ6: 0.478482 | AR6: None | AS6: z | AT6: TRUE | AU6: 10.29216 | AV6: 10.33914 | BH6: 1 | BI6: 1 | BJ6: 2025-11-17_09h53.34.131 | BK6: solo project | BM6: 2025.1.1 | BN6: 121.3555 | BO6: 2025-11-17 09h53.39.476207 +0530 | BQ6: 01_solo project_2025-11-17_09h53.34.131.csv
A7: road | B7: streetq | C7: related | D7: nonword | E7: z | F7: 5 | G7: 5 | H7: 0 | I7: z | J7: 1 | K7: 0.587551 | L7: None | M7: 0 | N7: 5 | O7: 5 | P7: 69 | Q7: 10.83207 | AD7: 10.82203 | AE7: 10.83207 | AF7: 10.96898 | AG7: 10.96905 | AH7: 10.9755 | AI7: 11.00975 | AJ7: 11.01389 | AK7: 11.02107 | AL7: 11.02107 | AN7: 11.61184 | AO7: z | AP7: 1 | AQ7: 0.587551 | AR7: None | AS7: z | AT7: TRUE | AU7: 10.9755 | AV7: 11.02107 | BH7: 1 | BI7: 1 | BJ7: 2025-11-17_09h53.34.131 | BK7: solo project | BM7: 2025.1.1 | BN7: 121.3555 | BO7: 2025-11-17 09h53.39.476207 +0530 | BQ7: 01_solo project_2025-11-17_09h53.34.131.csv
A8: fire | B8: heat | C8: related | D8: word | E8: m | F8: 6 | G8: 6 | H8: 0 | I8: m | J8: 1 | K8: 0.451754 | L8: None | M8: 0 | N8: 6 | O8: 6 | P8: 14 | Q8: 11.622 | AD8: 11.61232 | AE8: 11.622 | AF8: 11.75975 | AG8: 11.75983 | AH8: 11.76985 | AI8: 11.80312 | AJ8: 11.80724 | AK8: 11.8139 | AL8: 11.8139 | AN8: 12.27164 | AO8: m | AP8: 1 | AQ8: 0.451754 | AR8: None | AS8: m | AT8: TRUE | AU8: 11.76985 | AV8: 11.8139 | BH8: 1 | BI8: 1 | BJ8: 2025-11-17_09h53.34.131 | BK8: solo project | BM8: 2025.1.1 | BN8: 121.3555 | BO8: 2025-11-17 09h53.39.476207 +0530 | BQ8: 01_solo project_2025-11-17_09h53.34.131.csv
A9: car | B9: window | C9: unrelated | D9: word | E9: m | F9: 7 | G9: 7 | H9: 0 | I9: m | J9: 1 | K9: 0.528953 | L9: None | M9: 0 | N9: 7 | O9: 7 | P9: 31 | Q9: 12.28218 | AD9: 12.27219 | AE9: 12.28218 | AF9: 12.41939 | AG9: 12.41945 | AH9: 12.42575 | AI9: 12.45991 | AJ9: 12.4636 | AK9: 12.48561 | AL9: 12.48561 | AN9: 13.02145 | AO9: m | AP9: 1 | AQ9: 0.528953 | AR9: None | AS9: m | AT9: TRUE | AU9: 12.42575 | AV9: 12.48561 | BH9: 1 | BI9: 1 | BJ9: 2025-11-17_09h53.34.131 | BK9: solo project | BM9: 2025.1.1 | BN9: 121.3555 | BO9: 2025-11-17 09h53.39.476207 +0530 | BQ9: 01_solo project_2025-11-17_09h53.34.131.csv
A10: shirt | B10: cloth | C10: related | D10: word | E10: m | F10: 8 | G10: 8 | H10: 0 | I10: m | J10: 1 | K10: 0.480524 | L10: None | M10: 0 | N10: 8 | O10: 8 | P10: 16 | Q10: 13.03205 | AD10: 13.02197 | AE10: 13.03205 | AF10: 13.16982 | AG10: 13.16985 | AH10: 13.17578 | AI10: 13.20971 | AJ10: 13.21322 | AK10: 13.22028 | AL10: 13.22028 | AN10: 13.70423 | AO10: m | AP10: 1 | AQ10: 0.480524 | AR10: None | AS10: m | AT10: TRUE | AU10: 13.17578 | AV10: 13.22028 | BH10: 1 | BI10: 1 | BJ10: 2025-11-17_09h53.34.131 | BK10: solo project | BM10: 2025.1.1 | BN10: 121.3555 | BO10: 2025-11-17 09h53.39.476207 +0530 | BQ10: 01_solo project_2025-11-17_09h53.34.131.csv
A11: bread | B11: butter | C11: related | D11: word | E11: m | F11: 9 | G11: 9 | H11: 0 | I11: m | J11: 1 | K11: 0.51863 | L11: None | M11: 0 | N11: 9 | O11: 9 | P11: 3 | Q11: 13.71419 | AD11: 13.70458 | AE11: 13.71419 | AF11: 13.8535 | AG11: 13.85356 | AH11: 13.86002 | AI11: 13.90288 | AJ11: 13.90667 | AK11: 13.91329 | AL11: 13.91329 | AN11: 14.43814 | AO11: m | AP11: 1 | AQ11: 0.51863 | AR11: None | AS11: m | AT11: TRUE | AU11: 13.86002 | AV11: 13.91329 | BH11: 1 | BI11: 1 | BJ11: 2025-11-17_09h53.34.131 | BK11: solo project | BM11: 2025.1.1 | BN11: 121.3555 | BO11: 2025-11-17 09h53.39.476207 +0530 | BQ11: 01_solo project_2025-11-17_09h53.34.131.csv
A12: river | B12: chair | C12: unrelated | D12: word | E12: m | F12: 10 | G12: 10 | H12: 0 | I12: m | J12: 1 | K12: 0.493361 | L12: None | M12: 0 | N12: 10 | O12: 10 | P12: 34 | Q12: 14.44828 | AD12: 14.43859 | AE12: 14.44828 | AF12: 14.58615 | AG12: 14.58623 | AH12: 14.59282 | AI12: 14.62649 | AJ12: 14.63019 | AK12: 14.6522 | AL12: 14.6522 | AN12: 15.15465 | AO12: m | AP12: 1 | AQ12: 0.493361 | AR12: None | AS12: m | AT12: TRUE | AU12: 14.59282 | AV12: 14.6522 | BH12: 1 | BI12: 1 | BJ12: 2025-11-17_09h53.34.131 | BK12: solo project | BM12: 2025.1.1 | BN12: 121.3555 | BO12: 2025-11-17 09h53.39.476207 +0530 | BQ12: 01_solo project_2025-11-17_09h53.34.131.csv
A13: heart | B13: mountain | C13: unrelated | D13: word | E13: m | F13: 11 | G13: 11 | H13: 0 | I13: m | J13: 1 | K13: 0.494698 | L13: None | M13: 0 | N13: 11 | O13: 11 | P13: 36 | Q13: 15.16479 | AD13: 15.15503 | AE13: 15.16479 | AF13: 15.30453 | AG13: 15.30461 | AH13: 15.31202 | AI13: 15.35332 | AJ13: 15.35834 | AK13: 15.36486 | AL13: 15.36486 | AN13: 15.87174 | AO13: m | AP13: 1 | AQ13: 0.494698 | AR13: None | AS13: m | AT13: TRUE | AU13: 15.31202 | AV13: 15.36486 | BH13: 1 | BI13: 1 | BJ13: 2025-11-17_09h53.34.131 | BK13: solo project | BM13: 2025.1.1 | BN13: 121.3555 | BO13: 2025-11-17 09h53.39.476207 +0530 | BQ13: 01_solo project_2025-11-17_09h53.34.131.csv
A14: music | B14: songy | C14: related | D14: nonword | E14: z | F14: 12 | G14: 12 | H14: 0 | I14: z | J14: 1 | K14: 0.654654 | L14: None | M14: 0 | N14: 12 | O14: 12 | P14: 62 | Q14: 15.88232 | AD14: 15.87228 | AE14: 15.88232 | AF14: 16.02024 | AG14: 16.02028 | AH14: 16.02638 | AI14: 16.05946 | AJ14: 16.06355 | AK14: 16.08578 | AL14: 16.08578 | AN14: 16.74438 | AO14: z | AP14: 1 | AQ14: 0.654654 | AR14: None | AS14: z | AT14: TRUE | AU14: 16.02638 | AV14: 16.08578 | BH14: 1 | BI14: 1 | BJ14: 2025-11-17_09h53.34.131 | BK14: solo project | BM14: 2025.1.1 | BN14: 121.3555 | BO14: 2025-11-17 09h53.39.476207 +0530 | BQ14: 01_solo project_2025-11-17_09h53.34.131.csv
A15: doctor | B15: table | C15: unrelated | D15: word | E15: m | F15: 13 | G15: 13 | H15: 0 | I15: m | J15: 1 | K15: 0.612247 | L15: None | M15: 0 | N15: 13 | O15: 13 | P15: 25 | Q15: 16.75504 | AD15: 16.74477 | AE15: 16.75504 | AF15: 16.89363 | AG15: 16.89368 | AH15: 16.90289 | AI15: 16.93632 | AJ15: 16.94064 | AK15: 16.94724 | AL15: 16.94724 | AN15: 17.56161 | AO15: m | AP15: 1 | AQ15: 0.612247 | AR15: None | AS15: m | AT15: TRUE | AU15: 16.90289 | AV15: 16.94724 | BH15: 1 | BI15: 1 | BJ15: 2025-11-17_09h53.34.131 | BK15: solo project | BM15: 2025.1.1 | BN15: 121.3555 | BO15: 2025-11-17 09h53.39.476207 +0530 | BQ15: 01_solo project_2025-11-17_09h53.34.131.csv
A16: sun | B16: glass | C16: unrelated | D16: word | E16: m | F16: 14 | G16: 14 | H16: 0 | I16: m | J16: 1 | K16: 0.532746 | L16: None | M16: 0 | N16: 14 | O16: 14 | P16: 27 | Q16: 17.57233 | AD16: 17.56212 | AE16: 17.57233 | AF16: 17.71004 | AG16: 17.71009 | AH16: 17.71972 | AI16: 17.75345 | AJ16: 17.75727 | AK16: 17.76377 | AL16: 17.76377 | AN16: 18.30446 | AO16: m | AP16: 1 | AQ16: 0.532746 | AR16: None | AS16: m | AT16: TRUE | AU16: 17.71972 | AV16: 17.76377 | BH16: 1 | BI16: 1 | BJ16: 2025-11-17_09h53.34.131 | BK16: solo project | BM16: 2025.1.1 | BN16: 121.3555 | BO16: 2025-11-17 09h53.39.476207 +0530 | BQ16: 01_solo project_2025-11-17_09h53.34.131.csv
A17: ball | B17: mirrord | C17: unrelated | D17: nonword | E17: z | F17: 15 | G17: 15 | H17: 0 | I17: z | J17: 1 | K17: 0.594648 | L17: None | M17: 0 | N17: 15 | O17: 15 | P17: 98 | Q17: 18.3126 | AD17: 18.30475 | AE17: 18.3126 | AF17: 18.45297 | AG17: 18.45305 | AH17: 18.4596 | AI17: 18.50332 | AJ17: 18.50708 | AK17: 18.51382 | AL17: 18.51382 | AN17: 19.1117 | AO17: z | AP17: 1 | AQ17: 0.594648 | AR17: None | AS17: z | AT17: TRUE | AU17: 18.4596 | AV17: 18.51382 | BH17: 1 | BI17: 1 | BJ17: 2025-11-17_09h53.34.131 | BK17: solo project | BM17: 2025.1.1 | BN17: 121.3555 | BO17: 2025-11-17 09h53.39.476207 +0530 | BQ17: 01_solo project_2025-11-17_09h53.34.131.csv
A18: sun | B18: light | C18: related | D18: word | E18: m | F18: 16 | G18: 16 | H18: 0 | I18: m | J18: 1 | K18: 0.459274 | L18: None | M18: 0 | N18: 16 | O18: 16 | P18: 2 | Q18: 19.12198 | AD18: 19.11211 | AE18: 19.12198 | AF18: 19.26233 | AG18: 19.26238 | AH18: 19.26901 | AI18: 19.30302 | AJ18: 19.30749 | AK18: 19.31415 | AL18: 19.31415 | AN18: 19.77801 | AO18: m | AP18: 1 | AQ18: 0.459274 | AR18: None | AS18: m | AT18: TRUE | AV18: 19.31415 | BH18: 1 | BI18: 1 | BJ18: 2025-11-17_09h53.34.131 | BK18: solo project | BM18: 2025.1.1 | BN18: 121.3555 | BO18: 2025-11-17 09h53.39.476207 +0530 | BQ18: 01_solo project_2025-11-17_09h53.34.131.csv
A19: music | B19: plate | C19: unrelated | D19: word | E19: m | F19: 17 | G19: 17 | H19: 0 | I19: m | J19: 1 | K19: 0.499617 | L19: None | M19: 0 | N19: 17 | O19: 17 | P19: 37 | Q19: 19.78903 | AD19: 19.7784 | AE19: 19.78903 | AF19: 19.92646 | AG19: 19.92652 | AH19: 19.93643 | AI19: 19.97014 | AJ19: 19.97428 | AK19: 19.98084 | AL19: 19.98084 | AN19: 20.48848 | AO19: m | AP19: 1 | AQ19: 0.499617 | AR19: None | AS19: m | AT19: TRUE | AU19: 19.93643 | AV19: 19.98084 | BH19: 1 | BI19: 1 | BJ19: 2025-11-17_09h53.34.131 | BK19: solo project | BM19: 2025.1.1 | BN19: 121.3555 | BO19: 2025-11-17 09h53.39.476207 +0530 | BQ19: 01_solo project_2025-11-17_09h53.34.131.csv
A20: bird | B20: cupq | C20: unrelated | D20: nonword | E20: z | F20: 18 | G20: 18 | H20: 0 | I20: z | J20: 1 | K20: 0.635587 | L20: None | M20: 0 | N20: 18 | O20: 18 | P20: 85 | Q20: 20.4987 | AD20: 20.48887 | AE20: 20.4987 | AF20: 20.63579 | AG20: 20.63585 | AH20: 20.64214 | AI20: 20.67605 | AJ20: 20.67981 | AK20: 20.68682 | AL20: 20.68682 | AN20: 21.32805 | AO20: z | AP20: 1 | AQ20: 0.635587 | AR20: None | AS20: z | AT20: TRUE | AU20: 20.64214 | AV20: 20.68682 | BH20: 1 | BI20: 1 | BJ20: 2025-11-17_09h53.34.131 | BK20: solo project | BM20: 2025.1.1 | BN20: 121.3555 | BO20: 2025-11-17 09h53.39.476207 +0530 | BQ20: 01_solo project_2025-11-17_09h53.34.131.csv
A21: book | B21: pageq | C21: related | D21: nonword | E21: z | F21: 19 | G21: 19 | H21: 0 | I21: z | J21: 1 | K21: 0.51775 | L21: None | M21: 0 | N21: 19 | O21: 19 | P21: 58 | Q21: 21.33895 | AD21: 21.3285 | AE21: 21.33895 | AF21: 21.47657 | AG21: 21.47662 | AH21: 21.48638 | AI21: 21.52015 | AJ21: 21.52412 | AK21: 21.53072 | AL21: 21.53072 | AN21: 22.0547 | AO21: z | AP21: 1 | AQ21: 0.51775 | AR21: None | AS21: z | AT21: TRUE | AU21: 21.48638 | AV21: 21.53072 | BH21: 1 | BI21: 1 | BJ21: 2025-11-17_09h53.34.131 | BK21: solo project | BM21: 2025.1.1 | BN21: 121.3555 | BO21: 2025-11-17 09h53.39.476207 +0530 | BQ21: 01_solo project_2025-11-17_09h53.34.131.csv
A22: bread | B22: buttera | C22: related | D22: nonword | E22: z | F22: 20 | G22: 20 | H22: 0 | I22: z | J22: 1 | K22: 0.56399 | L22: None | M22: 0 | N22: 20 | O22: 20 | P22: 53 | Q22: 22.06189 | AD22: 22.05499 | AE22: 22.06189 | AF22: 22.19654 | AG22: 22.19658 | AH22: 22.20311 | AI22: 22.23639 | AJ22: 22.24024 | AK22: 22.2534 | AL22: 22.2534 | AN22: 22.82104 | AO22: z | AP22: 1 | AQ22: 0.56399 | AR22: None | AS22: z | AT22: TRUE | AU22: 22.20311 | AV22: 22.24612 | BH22: 1 | BI22: 1 | BJ22: 2025-11-17_09h53.34.131 | BK22: solo project | BM22: 2025.1.1 | BN22: 121.3555 | BO22: 2025-11-17 09h53.39.476207 +0530 | BQ22: 01_solo project_2025-11-17_09h53.34.131.csv
A23: shirt | B23: river | C23: unrelated | D23: word | E23: m | F23: 21 | G23: 21 | H23: 0 | I23: m | J23: 1 | K23: 0.488759 | L23: None | M23: 0 | N23: 21 | O23: 21 | P23: 41 | Q23: 22.83108 | AD23: 22.82141 | AE23: 22.83108 | AF23: 22.96951 | AG23: 22.96958 | AH23: 22.97597 | AI23: 23.00946 | AJ23: 23.01361 | AK23: 23.03555 | AL23: 23.03555 | AN23: 23.52765 | AO23: m | AP23: 1 | AQ23: 0.488759 | AR23: None | AS23: m | AT23: TRUE | AU23: 22.97597 | AV23: 23.03555 | BH23: 1 | BI23: 1 | BJ23: 2025-11-17_09h53.34.131 | BK23: solo project | BM23: 2025.1.1 | BN23: 121.3555 | BO23: 2025-11-17 09h53.39.476207 +0530 | BQ23: 01_solo project_2025-11-17_09h53.34.131.csv
A24: salt | B24: camerao | C24: unrelated | D24: nonword | E24: z | F24: 22 | G24: 22 | H24: 0 | I24: z | J24: 1 | K24: 1.017236 | L24: None | M24: 0 | N24: 22 | O24: 22 | P24: 97 | Q24: 23.53822 | AD24: 23.52806 | AE24: 23.53822 | AF24: 23.67927 | AG24: 23.67931 | AH24: 23.68555 | AI24: 23.71961 | AJ24: 23.72466 | AK24: 23.73119 | AL24: 23.73119 | AN24: 24.7549 | AO24: z | AP24: 1 | AQ24: 1.017236 | AR24: None | AS24: z | AT24: TRUE | AV24: 23.73119 | BH24: 1 | BI24: 1 | BJ24: 2025-11-17_09h53.34.131 | BK24: solo project | BM24: 2025.1.1 | BN24: 121.3555 | BO24: 2025-11-17 09h53.39.476207 +0530 | BQ24: 01_solo project_2025-11-17_09h53.34.131.csv
A25: river | B25: water | C25: related | D25: word | E25: m | F25: 23 | G25: 23 | H25: 0 | I25: m | J25: 1 | K25: 0.608345 | L25: None | M25: 0 | N25: 23 | O25: 23 | P25: 9 | Q25: 24.7654 | AD25: 24.7554 | AE25: 24.7654 | AF25: 24.90334 | AG25: 24.90342 | AH25: 24.90995 | AI25: 24.94315 | AJ25: 24.94668 | AK25: 24.96893 | AL25: 24.96893 | AN25: 25.58851 | AO25: m | AP25: 1 | AQ25: 0.608345 | AR25: None | AS25: m | AT25: TRUE | AU25: 24.90995 | AV25: 24.96893 | BH25: 1 | BI25: 1 | BJ25: 2025-11-17_09h53.34.131 | BK25: solo project | BM25: 2025.1.1 | BN25: 121.3555 | BO25: 2025-11-17 09h53.39.476207 +0530 | BQ25: 01_solo project_2025-11-17_09h53.34.131.csv
A26: sun | B26: lighta | C26: related | D26: nonword | E26: z | F26: 24 | G26: 24 | H26: 0 | I26: z | J26: 1 | K26: 0.609095 | L26: None | M26: 0 | N26: 24 | O26: 24 | P26: 52 | Q26: 25.59917 | AD26: 25.58905 | AE26: 25.59917 | AF26: 25.73597 | AG26: 25.73602 | AH26: 25.74233 | AI26: 25.77653 | AJ26: 25.78016 | AK26: 25.80222 | AL26: 25.80222 | AN26: 26.42051 | AO26: z | AP26: 1 | AQ26: 0.609095 | AR26: None | AS26: z | AT26: TRUE | AU26: 25.74233 | AV26: 25.80222 | BH26: 1 | BI26: 1 | BJ26: 2025-11-17_09h53.34.131 | BK26: solo project | BM26: 2025.1.1 | BN26: 121.3555 | BO26: 2025-11-17 09h53.39.476207 +0530 | BQ26: 01_solo project_2025-11-17_09h53.34.131.csv
A27: heart | B27: beat | C27: related | D27: word | E27: m | F27: 25 | G27: 25 | H27: 0 | I27: m | J27: 1 | K27: 0.566376 | L27: None | M27: 0 | N27: 25 | O27: 25 | P27: 11 | Q27: 26.42911 | AD27: 26.42072 | AE27: 26.42911 | AF27: 26.5699 | AG27: 26.56994 | AH27: 26.57605 | AI27: 26.60956 | AJ27: 26.61278 | AK27: 26.61992 | AL27: 26.61992 | AN27: 27.19451 | AO27: m | AP27: 1 | AQ27: 0.566376 | AR27: None | AS27: m | AT27: TRUE | AU27: 26.57605 | AV27: 26.61992 | BH27: 1 | BI27: 1 | BJ27: 2025-11-17_09h53.34.131 | BK27: solo project | BM27: 2025.1.1 | BN27: 121.3555 | BO27: 2025-11-17 09h53.39.476207 +0530 | BQ27: 01_solo project_2025-11-17_09h53.34.131.csv
A28: cat | B28: pencilu | C28: unrelated | D28: nonword | E28: z | F28: 26 | G28: 26 | H28: 0 | I28: z | J28: 1 | K28: 0.690179 | L28: None | M28: 0 | N28: 26 | O28: 26 | P28: 76 | Q28: 27.20553 | AD28: 27.19493 | AE28: 27.20553 | AF28: 27.34332 | AG28: 27.34337 | AH28: 27.35252 | AI28: 27.38642 | AJ28: 27.39048 | AK28: 27.39708 | AL28: 27.39708 | AN28: 28.09508 | AO28: z | AP28: 1 | AQ28: 0.690179 | AR28: None | AS28: z | AT28: TRUE | AU28: 27.35252 | AV28: 27.39708 | BH28: 1 | BI28: 1 | BJ28: 2025-11-17_09h53.34.131 | BK28: solo project | BM28: 2025.1.1 | BN28: 121.3555 | BO28: 2025-11-17 09h53.39.476207 +0530 | BQ28: 01_solo project_2025-11-17_09h53.34.131.csv
A29: shirt | B29: riverl | C29: unrelated | D29: nonword | E29: z | F29: 27 | G29: 27 | H29: 0 | I29: z | J29: 1 | K29: 0.675017 | L29: None | M29: 0 | N29: 27 | O29: 27 | P29: 91 | Q29: 28.10518 | AD29: 28.09548 | AE29: 28.10518 | AF29: 28.24296 | AG29: 28.24304 | AH29: 28.25265 | AI29: 28.28673 | AJ29: 28.29066 | AK29: 28.29726 | AL29: 28.29726 | AN29: 28.97687 | AO29: z | AP29: 1 | AQ29: 0.675017 | AR29: None | AS29: z | AT29: TRUE | AU29: 28.25265 | AV29: 28.29726 | BH29: 1 | BI29: 1 | BJ29: 2025-11-17_09h53.34.131 | BK29: solo project | BM29: 2025.1.1 | BN29: 121.3555 | BO29: 2025-11-17 09h53.39.476207 +0530 | BQ29: 01_solo project_2025-11-17_09h53.34.131.csv
A30: king | B30: queenm | C30: related | D30: nonword | E30: z | F30: 28 | G30: 28 | H30: 0 | I30: z | J30: 1 | K30: 0.88963 | L30: None | M30: 0 | N30: 28 | O30: 28 | P30: 63 | Q30: 28.9876 | AD30: 28.97723 | AE30: 28.9876 | AF30: 29.12753 | AG30: 29.12762 | AH30: 29.13614 | AI30: 29.16968 | AJ30: 29.17578 | AK30: 29.18226 | AL30: 29.18226 | AN30: 30.07815 | AO30: z | AP30: 1 | AQ30: 0.88963 | AR30: None | AS30: z | AT30: TRUE | AU30: 29.13614 | AV30: 29.18226 | BH30: 1 | BI30: 1 | BJ30: 2025-11-17_09h53.34.131 | BK30: solo project | BM30: 2025.1.1 | BN30: 121.3555 | BO30: 2025-11-17 09h53.39.476207 +0530 | BQ30: 01_solo project_2025-11-17_09h53.34.131.csv
A31: ball | B31: gameu | C31: related | D31: nonword | E31: z | F31: 29 | G31: 29 | H31: 0 | I31: z | J31: 1 | K31: 0.515585 | L31: None | M31: 0 | N31: 29 | O31: 29 | P31: 73 | Q31: 30.0887 | AD31: 30.07854 | AE31: 30.0887 | AF31: 30.22856 | AG31: 30.22863 | AH31: 30.25227 | AI31: 30.28654 | AJ31: 30.29092 | AK31: 30.29765 | AL31: 30.29765 | AN31: 30.82163 | AO31: z | AP31: 1 | AQ31: 0.515585 | AR31: None | AS31: z | AT31: TRUE | AU31: 30.25227 | BH31: 1 | BI31: 1 | BJ31: 2025-11-17_09h53.34.131 | BK31: solo project | BM31: 2025.1.1 | BN31: 121.3555 | BO31: 2025-11-17 09h53.39.476207 +0530 | BQ31: 01_solo project_2025-11-17_09h53.34.131.csv
A32: rain | B32: engine | C32: unrelated | D32: word | E32: m | F32: 30 | G32: 30 | H32: 0 | I32: m | J32: 1 | K32: 0.588649 | L32: None | M32: 0 | N32: 30 | O32: 30 | P32: 42 | Q32: 30.83201 | AD32: 30.82215 | AE32: 30.83201 | AF32: 30.96902 | AG32: 30.96907 | AH32: 30.97523 | AI32: 31.00977 | AJ32: 31.01332 | AK32: 31.0355 | AL32: 31.0355 | AN32: 31.62768 | AO32: m | AP32: 1 | AQ32: 0.588649 | AR32: None | AS32: m | AT32: TRUE | AU32: 30.97523 | AV32: 31.0355 | BH32: 1 | BI32: 1 | BJ32: 2025-11-17_09h53.34.131 | BK32: solo project | BM32: 2025.1.1 | BN32: 121.3555 | BO32: 2025-11-17 09h53.39.476207 +0530 | BQ32: 01_solo project_2025-11-17_09h53.34.131.csv
A33: pen | B33: shoe | C33: unrelated | D33: word | E33: m | F33: 31 | G33: 31 | H33: 0 | I33: m | J33: 1 | K33: 0.570164 | L33: None | M33: 0 | N33: 31 | O33: 31 | P33: 43 | Q33: 31.63842 | AD33: 31.62808 | AE33: 31.63842 | AF33: 31.77498 | AG33: 31.77502 | AH33: 31.78587 | AI33: 31.81961 | AJ33: 31.8234 | AK33: 31.83005 | AL33: 31.83005 | AN33: 32.40445 | AO33: m | AP33: 1 | AQ33: 0.570164 | AR33: None | AS33: m | AT33: TRUE | AU33: 31.78587 | AV33: 31.83005 | BH33: 1 | BI33: 1 | BJ33: 2025-11-17_09h53.34.131 | BK33: solo project | BM33: 2025.1.1 | BN33: 121.3555 | BO33: 2025-11-17 09h53.39.476207 +0530 | BQ33: 01_solo project_2025-11-17_09h53.34.131.csv
A34: phone | B34: callz | C34: related | D34: nonword | E34: z | F34: 32 | G34: 32 | H34: 0 | I34: z | J34: 1 | K34: 0.526832 | L34: None | M34: 0 | N34: 32 | O34: 32 | P34: 57 | Q34: 32.41286 | AD34: 32.40474 | AE34: 32.41286 | AF34: 32.55282 | AG34: 32.55285 | AH34: 32.55919 | AI34: 32.59266 | AJ34: 32.59621 | AK34: 32.60334 | AL34: 32.60334 | AN34: 33.13867 | AO34: z | AP34: 1 | AQ34: 0.526832 | AR34: None | AS34: z | AT34: TRUE | AU34: 32.55919 | AV34: 32.60334 | BH34: 1 | BI34: 1 | BJ34: 2025-11-17_09h53.34.131 | BK34: solo project | BM34: 2025.1.1 | BN34: 121.3555 | BO34: 2025-11-17 09h53.39.476207 +0530 | BQ34: 01_solo project_2025-11-17_09h53.34.131.csv
A35: river | B35: waterr | C35: related | D35: nonword | E35: z | F35: 33 | G35: 33 | H35: 0 | I35: z | J35: 1 | K35: 0.73439 | L35: None | M35: 0 | N35: 33 | O35: 33 | P35: 59 | Q35: 33.149 | AD35: 33.13918 | AE35: 33.149 | AF35: 33.28638 | AG35: 33.28645 | AH35: 33.29303 | AI35: 33.32605 | AJ35: 33.32958 | AK35: 33.33669 | AL35: 33.33669 | AN35: 34.07785 | AO35: z | AP35: 1 | AQ35: 0.73439 | AR35: None | AS35: z | AT35: TRUE | AU35: 33.29303 | AV35: 33.33669 | BH35: 1 | BI35: 1 | BJ35: 2025-11-17_09h53.34.131 | BK35: solo project | BM35: 2025.1.1 | BN35: 121.3555 | BO35: 2025-11-17 09h53.39.476207 +0530 | BQ35: 01_solo project_2025-11-17_09h53.34.131.csv
A36: salt | B36: pepper | C36: related | D36: word | E36: m | F36: 34 | G36: 34 | H36: 0 | I36: m | J36: 1 | K36: 0.454592 | L36: None | M36: 0 | N36: 34 | O36: 34 | P36: 22 | Q36: 34.08877 | AD36: 34.07829 | AE36: 34.08877 | AF36: 34.2265 | AG36: 34.22655 | AH36: 34.23626 | AI36: 34.27005 | AJ36: 34.27499 | AK36: 34.28157 | AL36: 34.28157 | AN36: 34.74434 | AO36: m | AP36: 1 | AQ36: 0.454592 | AR36: None | AS36: m | AT36: TRUE | AU36: 34.23626 | AV36: 34.28157 | BH36: 1 | BI36: 1 | BJ36: 2025-11-17_09h53.34.131 | BK36: solo project | BM36: 2025.1.1 | BN36: 121.3555 | BO36: 2025-11-17 09h53.39.476207 +0530 | BQ36: 01_solo project_2025-11-17_09h53.34.131.csv
A37: bread | B37: musicq | C37: unrelated | D37: nonword | E37: z | F37: 35 | G37: 35 | H37: 0 | I37: z | J37: 1 | K37: 0.62547 | L37: None | M37: 0 | N37: 35 | O37: 35 | P37: 78 | Q37: 34.75506 | AD37: 34.74474 | AE37: 34.75506 | AF37: 34.89345 | AG37: 34.8935 | AH37: 34.90282 | AI37: 34.9364 | AJ37: 34.94059 | AK37: 34.94659 | AL37: 34.94659 | AN37: 35.57831 | AO37: z | AP37: 1 | AQ37: 0.62547 | AR37: None | AS37: z | AT37: TRUE | AU37: 34.90282 | AV37: 34.94659 | BH37: 1 | BI37: 1 | BJ37: 2025-11-17_09h53.34.131 | BK37: solo project | BM37: 2025.1.1 | BN37: 121.3555 | BO37: 2025-11-17 09h53.39.476207 +0530 | BQ37: 01_solo project_2025-11-17_09h53.34.131.csv
A38: shoe | B38: sockp | C38: related | D38: nonword | E38: z | F38: 36 | G38: 36 | H38: 0 | I38: z | J38: 1 | K38: 0.612652 | L38: None | M38: 0 | N38: 36 | O38: 36 | P38: 71 | Q38: 35.58884 | AD38: 35.5787 | AE38: 35.58884 | AF38: 35.72636 | AG38: 35.72643 | AH38: 35.73572 | AI38: 35.77026 | AJ38: 35.77446 | AK38: 35.7814 | AL38: 35.7814 | AN38: 36.40524 | AO38: z | AP38: 1 | AQ38: 0.612652 | AR38: None | AS38: z | AT38: TRUE | AU38: 35.73572 | AV38: 35.7814 | BH38: 1 | BI38: 1 | BJ38: 2025-11-17_09h53.34.131 | BK38: solo project | BM38: 2025.1.1 | BN38: 121.3555 | BO38: 2025-11-17 09h53.39.476207 +0530 | BQ38: 01_solo project_2025-11-17_09h53.34.131.csv
A39: bird | B39: wingl | C39: related | D39: nonword | E39: z | F39: 37 | G39: 37 | H39: 0 | I39: z | J39: 1 | K39: 0.541271 | L39: None | M39: 0 | N39: 37 | O39: 37 | P39: 60 | Q39: 36.41558 | AD39: 36.40569 | AE39: 36.41558 | AF39: 36.55489 | AG39: 36.55497 | AH39: 36.56262 | AI39: 36.60327 | AJ39: 36.6071 | AK39: 36.61376 | AL39: 36.61376 | AN39: 37.16131 | AO39: z | AP39: 1 | AQ39: 0.541271 | AR39: None | AS39: z | AT39: TRUE | AU39: 36.56262 | AV39: 36.61376 | BH39: 1 | BI39: 1 | BJ39: 2025-11-17_09h53.34.131 | BK39: solo project | BM39: 2025.1.1 | BN39: 121.3555 | BO39: 2025-11-17 09h53.39.476207 +0530 | BQ39: 01_solo project_2025-11-17_09h53.34.131.csv
A40: doctor | B40: nursep | C40: related | D40: nonword | E40: z | F40: 38 | G40: 38 | H40: 0 | I40: z | J40: 1 | K40: 0.545863 | L40: None | M40: 0 | N40: 38 | O40: 38 | P40: 50 | Q40: 37.17202 | AD40: 37.1617 | AE40: 37.17202 | AF40: 37.30993 | AG40: 37.30999 | AH40: 37.31943 | AI40: 37.35346 | AJ40: 37.35758 | AK40: 37.36422 | AL40: 37.36422 | AN40: 37.92126 | AO40: z | AP40: 1 | AQ40: 0.545863 | AR40: None | AS40: z | AT40: TRUE | AU40: 37.31943 | AV40: 37.36422 | BH40: 1 | BI40: 1 | BJ40: 2025-11-17_09h53.34.131 | BK40: solo project | BM40: 2025.1.1 | BN40: 121.3555 | BO40: 2025-11-17 09h53.39.476207 +0530 | BQ40: 01_solo project_2025-11-17_09h53.34.131.csv
A41: flower | B41: petal | C41: related | D41: word | E41: m | F41: 39 | G41: 39 | H41: 0 | I41: m | J41: 1 | K41: 1.086577 | L41: None | M41: 0 | N41: 39 | O41: 39 | P41: 24 | Q41: 37.93189 | AD41: 37.92169 | AE41: 37.93189 | AF41: 38.06903 | AG41: 38.06907 | AH41: 38.07536 | AI41: 38.10996 | AJ41: 38.11342 | AK41: 38.13545 | AL41: 38.13545 | AN41: 39.22792 | AO41: m | AP41: 1 | AQ41: 1.086577 | AR41: None | AS41: m | AT41: TRUE | AU41: 38.07536 | AV41: 38.13545 | BH41: 1 | BI41: 1 | BJ41: 2025-11-17_09h53.34.131 | BK41: solo project | BM41: 2025.1.1 | BN41: 121.3555 | BO41: 2025-11-17 09h53.39.476207 +0530 | BQ41: 01_solo project_2025-11-17_09h53.34.131.csv
A42: cup | B42: teaf | C42: related | D42: nonword | E42: z | F42: 40 | G42: 40 | H42: 0 | I42: z | J42: 1 | K42: 0.742835 | L42: None | M42: 0 | N42: 40 | O42: 40 | P42: 65 | Q42: 39.23873 | AD42: 39.22834 | AE42: 39.23873 | AF42: 39.3756 | AG42: 39.37565 | AH42: 39.38592 | AI42: 39.41966 | AJ42: 39.42373 | AK42: 39.43026 | AL42: 39.43026 | AN42: 40.17818 | AO42: z | AP42: 1 | AQ42: 0.742835 | AR42: None | AS42: z | AT42: TRUE | AU42: 39.38592 | AV42: 39.43026 | BH42: 1 | BI42: 1 | BJ42: 2025-11-17_09h53.34.131 | BK42: solo project | BM42: 2025.1.1 | BN42: 121.3555 | BO42: 2025-11-17 09h53.39.476207 +0530 | BQ42: 01_solo project_2025-11-17_09h53.34.131.csv
A43: bird | B43: cup | C43: unrelated | D43: word | E43: m | F43: 41 | G43: 41 | H43: 0 | I43: m | J43: 1 | K43: 0.415963 | L43: None | M43: 0 | N43: 41 | O43: 41 | P43: 35 | Q43: 40.1869 | AD43: 40.17865 | AE43: 40.1869 | AF43: 40.32615 | AG43: 40.32622 | AH43: 40.33652 | AI43: 40.36967 | AJ43: 40.37384 | AK43: 40.39306 | AL43: 40.39306 | AN43: 40.81158 | AO43: m | AP43: 1 | AQ43: 0.415963 | AR43: None | AS43: m | AT43: TRUE | AU43: 40.33652 | AV43: 40.39306 | BH43: 1 | BI43: 1 | BJ43: 2025-11-17_09h53.34.131 | BK43: solo project | BM43: 2025.1.1 | BN43: 121.3555 | BO43: 2025-11-17 09h53.39.476207 +0530 | BQ43: 01_solo project_2025-11-17_09h53.34.131.csv
... A47: road | B47: candley | C47: unrelated | D47: nonword | E47: z | F47: 45 | G47: 45 | H47: 0 | I47: z | J47: 1 | K47: 0.672913 | L47: None | M47: 0 | N47: 45 | O47: 45 | P47: 94 | Q47: 42.88174 | AD47: 42.87206 | AE47: 42.88174 | AF47: 43.01928 | AG47: 43.01935 | AH47: 43.02604 | AI47: 43.05974 | AJ47: 43.06412 | AK47: 43.07098 | AL47: 43.07098 | AN47: 43.75233 | AO47: z | AP47: 1 | AQ47: 0.672913 | AR47: None | AS47: z | AT47: TRUE | AU47: 43.02604 | AV47: 43.07098 | BH47: 1 | BI47: 1 | BJ47: 2025-11-17_09h53.34.131 | BK47: solo project | BM47: 2025.1.1 | BN47: 121.3555 | BO47: 2025-11-17 09h53.39.476207 +0530 | BQ47: 01_solo project_2025-11-17_09h53.34.131.csv
A48: doctor | B48: nurse | C48: related | D48: word | E48: m | F48: 46 | G48: 46 | H48: 0 | I48: m | J48: 1 | K48: 0.493321 | L48: None | M48: 0 | N48: 46 | O48: 46 | P48: 0 | Q48: 43.76266 | AD48: 43.75264 | AE48: 43.76266 | AF48: 43.90261 | AG48: 43.90269 | AH48: 43.91937 | AI48: 43.95298 | AJ48: 43.95677 | AK48: 43.9636 | AL48: 43.9636 | AN48: 44.46077 | AO48: m | AP48: 1 | AQ48: 0.493321 | AR48: None | AS48: m | AT48: TRUE | AU48: 43.91937 | BH48: 1 | BI48: 1 | BJ48: 2025-11-17_09h53.34.131 | BK48: solo project | BM48: 2025.1.1 | BN48: 121.3555 | BO48: 2025-11-17 09h53.39.476207 +0530 | BQ48: 01_solo project_2025-11-17_09h53.34.131.csv
A49: heart | B49: mountainp | C49: unrelated | D49: nonword | E49: z | F49: 47 | G49: 47 | H49: 0 | I49: z | J49: 1 | K49: 0.697222 | L49: None | M49: 0 | N49: 47 | O49: 47 | P49: 86 | Q49: 44.47144 | AD49: 44.46122 | AE49: 44.47144 | AF49: 44.60963 | AG49: 44.60969 | AH49: 44.61901 | AI49: 44.65327 | AJ49: 44.65699 | AK49: 44.66377 | AL49: 44.66377 | AN49: 45.37117 | AO49: z | AP49: 1 | AQ49: 0.697222 | AR49: None | AS49: z | AT49: TRUE | AU49: 44.61901 | AV49: 44.66377 | BH49: 1 | BI49: 1 | BJ49: 2025-11-17_09h53.34.131 | BK49: solo project | BM49: 2025.1.1 | BN49: 121.3555 | BO49: 2025-11-17 09h53.39.476207 +0530 | BQ49: 01_solo project_2025-11-17_09h53.34.131.csv
A50: cup | B50: tea | C50: related | D50: word | E50: m | F50: 48 | G50: 48 | H50: 0 | I50: m | J50: 1 | K50: 0.440021 | L50: None | M50: 0 | N50: 48 | O50: 48 | P50: 15 | Q50: 45.38066 | AD50: 45.37152 | AE50: 45.38066 | AF50: 45.52018 | AG50: 45.52026 | AH50: 45.52695 | AI50: 45.5696 | AJ50: 45.57301 | AK50: 45.58385 | AL50: 45.58385 | AN50: 46.0279 | AO50: m | AP50: 1 | AQ50: 0.440021 | AR50: None | AS50: m | AT50: TRUE | AU50: 45.52695 | AV50: 45.58385 | BH50: 1 | BI50: 1 | BJ50: 2025-11-17_09h53.34.131 | BK50: solo project | BM50: 2025.1.1 | BN50: 121.3555 | BO50: 2025-11-17 09h53.39.476207 +0530 | BQ50: 01_solo project_2025-11-17_09h53.34.131.csv
A51: flower | B51: petaln | C51: related | D51: nonword | E51: z | F51: 49 | G51: 49 | H51: 0 | I51: z | J51: 1 | K51: 0.541829 | L51: None | M51: 0 | N51: 49 | O51: 49 | P51: 74 | Q51: 46.03864 | AD51: 46.02846 | AE51: 46.03864 | AF51: 46.17798 | AG51: 46.17803 | AH51: 46.18493 | AI51: 46.21979 | AJ51: 46.2235 | AK51: 46.23008 | AL51: 46.23008 | AN51: 46.77777 | AO51: z | AP51: 1 | AQ51: 0.541829 | AR51: None | AS51: z | AT51: TRUE | AU51: 46.18493 | AV51: 46.23008 | BH51: 1 | BI51: 1 | BJ51: 2025-11-17_09h53.34.131 | BK51: solo project | BM51: 2025.1.1 | BN51: 121.3555 | BO51: 2025-11-17 09h53.39.476207 +0530 | BQ51: 01_solo project_2025-11-17_09h53.34.131.csv
A52: music | B52: platek | C52: unrelated | D52: nonword | E52: z | F52: 50 | G52: 50 | H52: 0 | I52: z | J52: 1 | K52: 0.596902 | L52: None | M52: 0 | N52: 50 | O52: 50 | P52: 87 | Q52: 46.7888 | AD52: 46.77822 | AE52: 46.7888 | AF52: 46.92665 | AG52: 46.92672 | AH52: 46.93574 | AI52: 46.96992 | AJ52: 46.97434 | AK52: 46.98091 | AL52: 46.98091 | AN52: 47.58766 | AO52: z | AP52: 1 | AQ52: 0.596902 | AR52: None | AS52: z | AT52: TRUE | AU52: 46.93574 | AV52: 46.98091 | BH52: 1 | BI52: 1 | BJ52: 2025-11-17_09h53.34.131 | BK52: solo project | BM52: 2025.1.1 | BN52: 121.3555 | BO52: 2025-11-17 09h53.39.476207 +0530 | BQ52: 01_solo project_2025-11-17_09h53.34.131.csv
A53: mother | B53: child | C53: related | D53: word | E53: m | F53: 51 | G53: 51 | H53: 0 | I53: m | J53: 1 | K53: 0.444941 | L53: None | M53: 0 | N53: 51 | O53: 51 | P53: 5 | Q53: 47.59786 | AD53: 47.58804 | AE53: 47.59786 | AF53: 47.73634 | AG53: 47.73642 | AH53: 47.7428 | AI53: 47.77615 | AJ53: 47.78098 | AK53: 47.78793 | AL53: 47.78793 | AN53: 48.23796 | AO53: m | AP53: 1 | AQ53: 0.444941 | AR53: None | AS53: m | AT53: TRUE | AU53: 47.7428 | AV53: 47.78793 | BH53: 1 | BI53: 1 | BJ53: 2025-11-17_09h53.34.131 | BK53: solo project | BM53: 2025.1.1 | BN53: 121.3555 | BO53: 2025-11-17 09h53.39.476207 +0530 | BQ53: 01_solo project_2025-11-17_09h53.34.131.csv
A54: cat | B54: dog | C54: related | D54: word | E54: m | F54: 52 | G54: 52 | H54: 0 | I54: m | J54: 1 | K54: 0.729095 | L54: None | M54: 0 | N54: 52 | O54: 52 | P54: 1 | Q54: 48.24539 | AD54: 48.23847 | AE54: 48.24539 | AF54: 48.38628 | AG54: 48.38635 | AH54: 48.39294 | AI54: 48.4364 | AJ54: 48.4399 | AK54: 48.45071 | AL54: 48.45071 | AN54: 49.18809 | AO54: m | AP54: 1 | AQ54: 0.729095 | AR54: None | AS54: m | AT54: TRUE | AU54: 48.39294 | AV54: 48.45071 | BH54: 1 | BI54: 1 | BJ54: 2025-11-17_09h53.34.131 | BK54: solo project | BM54: 2025.1.1 | BN54: 121.3555 | BO54: 2025-11-17 09h53.39.476207 +0530 | BQ54: 01_solo project_2025-11-17_09h53.34.131.csv
A55: king | B55: queen | C55: related | D55: word | E55: m | F55: 53 | G55: 53 | H55: 0 | I55: m | J55: 1 | K55: 0.524813 | L55: None | M55: 0 | N55: 53 | O55: 53 | P55: 13 | Q55: 49.19689 | AD55: 49.18848 | AE55: 49.19689 | AF55: 49.33596 | AG55: 49.336 | AH55: 49.34213 | AI55: 49.37607 | AJ55: 49.38012 | AK55: 49.40197 | AL55: 49.40197 | AN55: 49.93827 | AO55: m | AP55: 1 | AQ55: 0.524813 | AR55: None | AS55: m | AT55: TRUE | AU55: 49.34213 | AV55: 49.40197 | BH55: 1 | BI55: 1 | BJ55: 2025-11-17_09h53.34.131 | BK55: solo project | BM55: 2025.1.1 | BN55: 121.3555 | BO55: 2025-11-17 09h53.39.476207 +0530 | BQ55: 01_solo project_2025-11-17_09h53.34.131.csv
A56: fire | B56: heatt | C56: related | D56: nonword | E56: z | F56: 54 | G56: 54 | H56: 0 | I56: z | J56: 1 | K56: 0.633724 | L56: None | M56: 0 | N56: 54 | O56: 54 | P56: 64 | Q56: 49.9486 | AD56: 49.93866 | AE56: 49.9486 | AF56: 50.08647 | AG56: 50.08654 | AH56: 50.09281 | AI56: 50.12633 | AJ56: 50.12996 | AK56: 50.15205 | AL56: 50.15205 | AN56: 50.79407 | AO56: z | AP56: 1 | AQ56: 0.633724 | AR56: None | AS56: z | AT56: TRUE | AU56: 50.09281 | AV56: 50.15205 | BH56: 1 | BI56: 1 | BJ56: 2025-11-17_09h53.34.131 | BK56: solo project | BM56: 2025.1.1 | BN56: 121.3555 | BO56: 2025-11-17 09h53.39.476207 +0530 | BQ56: 01_solo project_2025-11-17_09h53.34.131.csv
A57: shoe | B57: sock | C57: related | D57: word | E57: m | F57: 55 | G57: 55 | H57: 0 | I57: m | J57: 1 | K57: 0.44968 | L57: None | M57: 0 | N57: 55 | O57: 55 | P57: 21 | Q57: 50.80504 | AD57: 50.79445 | AE57: 50.80504 | AF57: 50.94224 | AG57: 50.94228 | AH57: 50.95253 | AI57: 50.98641 | AJ57: 50.99043 | AK57: 50.99708 | AL57: 50.99708 | AN57: 51.45475 | AO57: m | AP57: 1 | AQ57: 0.44968 | AR57: None | AS57: m | AT57: TRUE | AU57: 50.95253 | AV57: 50.99708 | BH57: 1 | BI57: 1 | BJ57: 2025-11-17_09h53.34.131 | BK57: solo project | BM57: 2025.1.1 | BN57: 121.3555 | BO57: 2025-11-17 09h53.39.476207 +0530 | BQ57: 01_solo project_2025-11-17_09h53.34.131.csv
A58: car | B58: windoww | C58: unrelated | D58: nonword | E58: z | F58: 56 | G58: 56 | H58: 0 | I58: z | J58: 1 | K58: 0.596719 | L58: None | M58: 0 | N58: 56 | O58: 56 | P58: 81 | Q58: 51.46174 | AD58: 51.45512 | AE58: 51.46174 | AF58: 51.60449 | AG58: 51.60457 | AH58: 51.61009 | AI58: 51.6532 | AJ58: 51.65753 | AK58: 51.66404 | AL58: 51.66404 | AN58: 52.27101 | AO58: z | AP58: 1 | AQ58: 0.596719 | AR58: None | AS58: z | AT58: TRUE | AU58: 51.61009 | AV58: 51.66404 | BH58: 1 | BI58: 1 | BJ58: 2025-11-17_09h53.34.131 | BK58: solo project | BM58: 2025.1.1 | BN58: 121.3555 | BO58: 2025-11-17 09h53.39.476207 +0530 | BQ58: 01_solo project_2025-11-17_09h53.34.131.csv
A59: pen | B59: shoep | C59: unrelated | D59: nonword | E59: z | F59: 57 | G59: 57 | H59: 0 | I59: z | J59: 1 | K59: 0.672937 | L59: None | M59: 0 | N59: 57 | O59: 57 | P59: 93 | Q59: 52.28101 | AD59: 52.27137 | AE59: 52.28101 | AF59: 52.41976 | AG59: 52.41982 | AH59: 52.42616 | AI59: 52.45979 | AJ59: 52.46475 | AK59: 52.47176 | AL59: 52.47176 | AN59: 53.15517 | AO59: z | AP59: 1 | AQ59: 0.672937 | AR59: None | AS59: z | AT59: TRUE | AU59: 52.42616 | AV59: 52.47176 | BH59: 1 | BI59: 1 | BJ59: 2025-11-17_09h53.34.131 | BK59: solo project | BM59: 2025.1.1 | BN59: 121.3555 | BO59: 2025-11-17 09h53.39.476207 +0530 | BQ59: 01_solo project_2025-11-17_09h53.34.131.csv
A60: mother | B60: bottle | C60: unrelated | D60: word | E60: m | F60: 58 | G60: 58 | H60: 0 | I60: m | J60: 1 | K60: 0.420555 | L60: None | M60: 0 | N60: 58 | O60: 58 | P60: 30 | Q60: 53.16548 | AD60: 53.15557 | AE60: 53.16548 | AF60: 53.3029 | AG60: 53.30297 | AH60: 53.30953 | AI60: 53.35323 | AJ60: 53.35755 | AK60: 53.36411 | AL60: 53.36411 | AN60: 53.78814 | AO60: m | AP60: 1 | AQ60: 0.420555 | AR60: None | AS60: m | AT60: TRUE | AU60: 53.30953 | AV60: 53.36411 | BH60: 1 | BI60: 1 | BJ60: 2025-11-17_09h53.34.131 | BK60: solo project | BM60: 2025.1.1 | BN60: 121.3555 | BO60: 2025-11-17 09h53.39.476207 +0530 | BQ60: 01_solo project_2025-11-17_09h53.34.131.csv
... A77: pen | B77: paperz | C77: related | D77: nonword | E77: z | F77: 78 | G77: 78 | H77: 0 | I77: z | J77: 1 | K77: 0.506617 | L77: None | M77: 0 | N77: 78 | O77: 78 | P77: 68 | Q77: 69.10525 | AD77: 69.09479 | AE77: 69.10525 | AF77: 69.24373 | AG77: 69.24378 | AH77: 69.25244 | AI77: 69.28641 | AJ77: 69.29019 | AK77: 69.29671 | AL77: 69.29671 | AN77: 69.81125 | AO77: z | AP77: 1 | AQ77: 0.506617 | AR77: None | AS77: z | AT77: TRUE | AU77: 69.25244 | AV77: 69.29671 | BH77: 1 | BI77: 1 | BJ77: 2025-11-17_09h53.34.131 | BK77: solo project | BM77: 2025.1.1 | BN77: 121.3555 | BO77: 2025-11-17 09h53.39.476207 +0530 | BQ77: 01_solo project_2025-11-17_09h53.34.131.csv
A78: road | B78: street | C78: related | D78: word | E78: m | F78: 79 | G78: 79 | H78: 0 | I78: m | J78: 1 | K78: 0.373844 | L78: None | M78: 0 | N78: 79 | O78: 79 | P78: 19 | Q78: 69.82211 | AD78: 69.81163 | AE78: 69.82211 | AF78: 69.96282 | AG78: 69.96287 | AH78: 69.96929 | AI78: 70.00306 | AJ78: 70.00684 | AK78: 70.01348 | AL78: 70.01348 | AN78: 70.39454 | AO78: m | AP78: 1 | AQ78: 0.373844 | AR78: None | AS78: m | AT78: TRUE | AV78: 70.01348 | BH78: 1 | BI78: 1 | BJ78: 2025-11-17_09h53.34.131 | BK78: solo project | BM78: 2025.1.1 | BN78: 121.3555 | BO78: 2025-11-17 09h53.39.476207 +0530 | BQ78: 01_solo project_2025-11-17_09h53.34.131.csv
A79: doctor | B79: tabler | C79: unrelated | D79: nonword | E79: z | F79: 80 | G79: 80 | H79: 0 | I79: z | J79: 1 | K79: 0.652975 | L79: None | M79: 0 | N79: 80 | O79: 80 | P79: 75 | Q79: 70.40519 | AD79: 70.39491 | AE79: 70.40519 | AF79: 70.54391 | AG79: 70.54395 | AH79: 70.55217 | AI79: 70.58649 | AJ79: 70.59076 | AK79: 70.59737 | AL79: 70.59737 | AN79: 71.25448 | AO79: z | AP79: 1 | AQ79: 0.652975 | AR79: None | AS79: z | AT79: TRUE | AU79: 70.55217 | AV79: 70.59737 | BH79: 1 | BI79: 1 | BJ79: 2025-11-17_09h53.34.131 | BK79: solo project | BM79: 2025.1.1 | BN79: 121.3555 | BO79: 2025-11-17 09h53.39.476207 +0530 | BQ79: 01_solo project_2025-11-17_09h53.34.131.csv
A80: cup | B80: bricku | C80: unrelated | D80: nonword | E80: z | F80: 81 | G80: 81 | H80: 0 | I80: z | J80: 1 | K80: 0.543959 | L80: None | M80: 0 | N80: 81 | O80: 81 | P80: 90 | Q80: 71.2651 | AD80: 71.25488 | AE80: 71.2651 | AF80: 71.40275 | AG80: 71.40281 | AH80: 71.40903 | AI80: 71.44298 | AJ80: 71.44732 | AK80: 71.45421 | AL80: 71.45421 | AN80: 72.00468 | AO80: z | AP80: 1 | AQ80: 0.543959 | AR80: None | AS80: z | AT80: TRUE | AU80: 71.40903 | AV80: 71.45421 | BH80: 1 | BI80: 1 | BJ80: 2025-11-17_09h53.34.131 | BK80: solo project | BM80: 2025.1.1 | BN80: 121.3555 | BO80: 2025-11-17 09h53.39.476207 +0530 | BQ80: 01_solo project_2025-11-17_09h53.34.131.csv
A81: teacher | B81: banana | C81: unrelated | D81: word | E81: m | F81: 82 | G81: 82 | H81: 0 | I81: m | J81: 1 | K81: 0.536061 | L81: None | M81: 0 | N81: 82 | O81: 82 | P81: 29 | Q81: 72.01524 | AD81: 72.00511 | AE81: 72.01524 | AF81: 72.15228 | AG81: 72.15235 | AH81: 72.16001 | AI81: 72.20274 | AJ81: 72.20677 | AK81: 72.21328 | AL81: 72.21328 | AN81: 72.75446 | AO81: m | AP81: 1 | AQ81: 0.536061 | AR81: None | AS81: m | AT81: TRUE | AU81: 72.16001 | AV81: 72.21328 | BH81: 1 | BI81: 1 | BJ81: 2025-11-17_09h53.34.131 | BK81: solo project | BM81: 2025.1.1 | BN81: 121.3555 | BO81: 2025-11-17 09h53.39.476207 +0530 | BQ81: 01_solo project_2025-11-17_09h53.34.131.csv
A82: river | B82: chairy | C82: unrelated | D82: nonword | E82: z | F82: 83 | G82: 83 | H82: 0 | I82: z | J82: 1 | K82: 0.546145 | L82: None | M82: 0 | N82: 83 | O82: 83 | P82: 84 | Q82: 72.761 | AD82: 72.75495 | AE82: 72.761 | AF82: 72.90487 | AG82: 72.90494 | AH82: 72.9122 | AI82: 72.95316 | AJ82: 72.95749 | AK82: 72.96415 | AL82: 72.96415 | AN82: 73.52146 | AO82: z | AP82: 1 | AQ82: 0.546145 | AR82: None | AS82: z | AT82: TRUE | AU82: 72.9122 | AV82: 72.96415 | BH82: 1 | BI82: 1 | BJ82: 2025-11-17_09h53.34.131 | BK82: solo project | BM82: 2025.1.1 | BN82: 121.3555 | BO82: 2025-11-17 09h53.39.476207 +0530 | BQ82: 01_solo project_2025-11-17_09h53.34.131.csv
A83: pen | B83: paper | C83: related | D83: word | E83: m | F83: 84 | G83: 84 | H83: 0 | I83: m | J83: 1 | K83: 0.563329 | L83: None | M83: 0 | N83: 84 | O83: 84 | P83: 18 | Q83: 73.53191 | AD83: 73.52197 | AE83: 73.53191 | AF83: 73.66936 | AG83: 73.66944 | AH83: 73.67599 | AI83: 73.70944 | AJ83: 73.71287 | AK83: 73.71988 | AL83: 73.71988 | AN83: 74.28749 | AO83: m | AP83: 1 | AQ83: 0.563329 | AR83: None | AS83: m | AT83: TRUE | AU83: 73.67599 | AV83: 73.71988 | BH83: 1 | BI83: 1 | BJ83: 2025-11-17_09h53.34.131 | BK83: solo project | BM83: 2025.1.1 | BN83: 121.3555 | BO83: 2025-11-17 09h53.39.476207 +0530 | BQ83: 01_solo project_2025-11-17_09h53.34.131.csv
A84: tree | B84: speakert | C84: unrelated | D84: nonword | E84: z | F84: 85 | G84: 85 | H84: 0 | I84: z | J84: 1 | K84: 0.530183 | L84: None | M84: 0 | N84: 85 | O84: 85 | P84: 95 | Q84: 74.29752 | AD84: 74.28788 | AE84: 74.29752 | AF84: 74.43581 | AG84: 74.43588 | AH84: 74.44257 | AI84: 74.47606 | AJ84: 74.47985 | AK84: 74.50203 | AL84: 74.50203 | AN84: 75.03764 | AO84: z | AP84: 1 | AQ84: 0.530183 | AR84: None | AS84: z | AT84: TRUE | AU84: 74.44257 | AV84: 74.50203 | BH84: 1 | BI84: 1 | BJ84: 2025-11-17_09h53.34.131 | BK84: solo project | BM84: 2025.1.1 | BN84: 121.3555 | BO84: 2025-11-17 09h53.39.476207 +0530 | BQ84: 01_solo project_2025-11-17_09h53.34.131.csv
A85: car | B85: enginek | C85: related | D85: nonword | E85: z | F85: 86 | G85: 86 | H85: 0 | I85: z | J85: 1 | K85: 0.556701 | L85: None | M85: 0 | N85: 86 | O85: 86 | P85: 56 | Q85: 75.04787 | AD85: 75.03809 | AE85: 75.04787 | AF85: 75.18649 | AG85: 75.18653 | AH85: 75.19265 | AI85: 75.22611 | AJ85: 75.22939 | AK85: 75.23652 | AL85: 75.23652 | AN85: 75.80476 | AO85: z | AP85: 1 | AQ85: 0.556701 | AR85: None | AS85: z | AT85: TRUE | AU85: 75.19265 | AV85: 75.23652 | BH85: 1 | BI85: 1 | BJ85: 2025-11-17_09h53.34.131 | BK85: solo project | BM85: 2025.1.1 | BN85: 121.3555 | BO85: 2025-11-17 09h53.39.476207 +0530 | BQ85: 01_solo project_2025-11-17_09h53.34.131.csv
A86: tree | B86: leafw | C86: related | D86: nonword | E86: z | F86: 87 | G86: 87 | H86: 0 | I86: z | J86: 1 | K86: 0.512782 | L86: None | M86: 0 | N86: 87 | O86: 87 | P86: 70 | Q86: 75.81512 | AD86: 75.80518 | AE86: 75.81512 | AF86: 75.95262 | AG86: 75.95269 | AH86: 75.95907 | AI86: 75.99285 | AJ86: 75.99761 | AK86: 76.0044 | AL86: 76.0044 | AN86: 76.52066 | AO86: z | AP86: 1 | AQ86: 0.512782 | AR86: None | AS86: z | AT86: TRUE | AU86: 75.95907 | AV86: 76.0044 | BH86: 1 | BI86: 1 | BJ86: 2025-11-17_09h53.34.131 | BK86: solo project | BM86: 2025.1.1 | BN86: 121.3555 | BO86: 2025-11-17 09h53.39.476207 +0530 | BQ86: 01_solo project_2025-11-17_09h53.34.131.csv
A87: rain | B87: enginez | C87: unrelated | D87: nonword | E87: z | F87: 88 | G87: 88 | H87: 0 | I87: z | J87: 1 | K87: 0.507035 | L87: None | M87: 0 | N87: 88 | O87: 88 | P87: 92 | Q87: 76.53083 | AD87: 76.52114 | AE87: 76.53083 | AF87: 76.66914 | AG87: 76.6692 | AH87: 76.67538 | AI87: 76.70829 | AJ87: 76.71181 | AK87: 76.71917 | AL87: 76.71917 | AN87: 77.23775 | AO87: z | AP87: 1 | AQ87: 0.507035 | AR87: None | AS87: z | AT87: TRUE | AU87: 76.67538 | AV87: 76.71917 | BH87: 1 | BI87: 1 | BJ87: 2025-11-17_09h53.34.131 | BK87: solo project | BM87: 2025.1.1 | BN87: 121.3555 | BO87: 2025-11-17 09h53.39.476207 +0530 | BQ87: 01_solo project_2025-11-17_09h53.34.131.csv
A88: book | B88: hammer | C88: unrelated | D88: word | E88: m | F88: 89 | G88: 89 | H88: 0 | I88: m | J88: 1 | K88: 0.523064 | L88: None | M88: 0 | N88: 89 | O88: 89 | P88: 33 | Q88: 77.24792 | AD88: 77.23814 | AE88: 77.24792 | AF88: 77.38622 | AG88: 77.38628 | AH88: 77.39286 | AI88: 77.42614 | AJ88: 77.42971 | AK88: 77.45205 | AL88: 77.45205 | AN88: 77.97736 | AO88: m | AP88: 1 | AQ88: 0.523064 | AR88: None | AS88: m | AT88: TRUE | AU88: 77.39286 | AV88: 77.45205 | BH88: 1 | BI88: 1 | BJ88: 2025-11-17_09h53.34.131 | BK88: solo project | BM88: 2025.1.1 | BN88: 121.3555 | BO88: 2025-11-17 09h53.39.476207 +0530 | BQ88: 01_solo project_2025-11-17_09h53.34.131.csv
A89: king | B89: marker | C89: unrelated | D89: word | E89: m | F89: 90 | G89: 90 | H89: 0 | I89: m | J89: 1 | K89: 0.70212 | L89: None | M89: 0 | N89: 90 | O89: 90 | P89: 38 | Q89: 77.98795 | AD89: 77.97776 | AE89: 77.98795 | AF89: 78.12608 | AG89: 78.12614 | AH89: 78.13625 | AI89: 78.16956 | AJ89: 78.17341 | AK89: 78.17999 | AL89: 78.17999 | AN89: 78.88772 | AO89: m | AP89: 1 | AQ89: 0.70212 | AR89: None | AS89: m | AT89: TRUE | AU89: 78.13625 | AV89: 78.17999 | BH89: 1 | BI89: 1 | BJ89: 2025-11-17_09h53.34.131 | BK89: solo project | BM89: 2025.1.1 | BN89: 121.3555 | BO89: 2025-11-17 09h53.39.476207 +0530 | BQ89: 01_solo project_2025-11-17_09h53.34.131.csv
A90: teacher | B90: bananaz | C90: unrelated | D90: nonword | E90: z | F90: 91 | G90: 91 | H90: 0 | I90: z | J90: 1 | K90: 0.567124 | L90: None | M90: 0 | N90: 91 | O90: 91 | P90: 79 | Q90: 78.89811 | AD90: 78.8881 | AE90: 78.89811 | AF90: 79.03689 | AG90: 79.03697 | AH90: 79.04469 | AI90: 79.08603 | AJ90: 79.0904 | AK90: 79.09704 | AL90: 79.09704 | AN90: 79.67031 | AO90: z | AP90: 1 | AQ90: 0.567124 | AR90: None | AS90: z | AT90: TRUE | AU90: 79.04469 | AV90: 79.09704 | BH90: 1 | BI90: 1 | BJ90: 2025-11-17_09h53.34.131 | BK90: solo project | BM90: 2025.1.1 | BN90: 121.3555 | BO90: 2025-11-17 09h53.39.476207 +0530 | BQ90: 01_solo project_2025-11-17_09h53.34.131.csv
... A98: king | B98: markerv | C98: unrelated | D98: nonword | E98: z | F98: 99 | G98: 99 | H98: 0 | I98: z | J98: 1 | K98: 0.52118 | L98: None | M98: 0 | N98: 99 | O98: 99 | P98: 88 | Q98: 84.99818 | AD98: 84.9883 | AE98: 84.99818 | AF98: 85.13567 | AG98: 85.13574 | AH98: 85.14222 | AI98: 85.17524 | AJ98: 85.18096 | AK98: 85.18777 | AL98: 85.18777 | AN98: 85.72114 | AO98: z | AP98: 1 | AQ98: 0.52118 | AR98: None | AS98: z | AT98: TRUE | AU98: 85.14222 | AV98: 85.18777 | BH98: 1 | BI98: 1 | BJ98: 2025-11-17_09h53.34.131 | BK98: solo project | BM98: 2025.1.1 | BN98: 121.3555 | BO98: 2025-11-17 09h53.39.476207 +0530 | BQ98: 01_solo project_2025-11-17_09h53.34.131.csv

Sheet P2
A1: prime | B1: target | C1: relation | D1: target_type | E1: correct_key | F1: thisN | G1: thisTrialN | H1: thisRepN | I1: key_resp.keys | J1: key_resp.corr | K1: key_resp.rt | L1: key_resp.duration | M1: trials.thisRepN | N1: trials.thisTrialN | O1: trials.thisN | P1: trials.thisIndex | Q1: thisRow.t | R1: notes | S1: trial.started | T1: instr_text.started | U1: instr_key.started | V1: trial.stopped | W1: instr_key.keys | X1: instr_key.rt | Y1: instr_key.duration | Z1: fixation.started | AA1: fixation1.started | AB1: fixation1.stopped | AC1: fixation.stopped | AD1: prime.started | AE1: prime_text.started | AF1: prime.stopped | AG1: gap.started | AH1: gap1.started | AI1: gap.stopped | AJ1: target_response.started | AK1: target_text.started | AL1: key_resp.started | AM1: target_text.stopped | AN1: target_response.stopped | AO1: trials.key_resp.keys | AP1: trials.key_resp.corr | AQ1: trials.key_resp.rt | AR1: trials.key_resp.duration | AS1: response | AT1: correct | AU1: prime_text.stopped | AV1: gap1.stopped | AW1: iti.started | AX1: text.started | AY1: text.stopped | AZ1: iti.stopped | BA1: end.started | BB1: end_text.started | BC1: end_key.started | BD1: end.stopped | BE1: end_key.keys | BF1: end_key.rt | BG1: end_key.duration | BH1: participant | BI1: session | BJ1: date | BK1: expName | BL1: expVersion | BM1: psychopyVersion | BN1: frameRate | BO1: expStart | BP1: Unnamed: 67 | BQ1: participant_file | BR1: Unnamed: 65 | BS1: Unnamed: 66 | BT1: Unnamed: 56
A2: heart | B2: mountain | C2: unrelated | D2: word | E2: m | F2: 0 | G2: 0 | H2: 0 | I2: m | J2: 1 | K2: 0.793288 | L2: None | M2: 0 | N2: 0 | O2: 0 | P2: 36 | Q2: 14.37319 | AD2: 14.36717 | AE2: 14.37319 | AF2: 14.49355 | AG2: 14.49362 | AH2: 14.5007 | AI2: 14.54357 | AJ2: 14.54753 | AK2: 14.55402 | AL2: 14.55402 | AN2: 15.35294 | AO2: m | AP2: 1 | AQ2: 0.793288 | AR2: None | AS2: m | AT2: TRUE | BH2: 2 | BI2: 1 | BJ2: 2025-11-17_09h58.11.264 | BK2: solo project | BM2: 2025.1.1 | BN2: 121.3335 | BO2: 2025-11-17 09h58.18.142547 +0530 | BQ2: 02_solo project_2025-11-17_09h58.11.264.csv
A3: king | B3: markerv | C3: unrelated | D3: nonword | E3: z | F3: 1 | G3: 1 | H3: 0 | I3: z | J3: 1 | K3: 1.661418 | L3: None | M3: 0 | N3: 1 | O3: 1 | P3: 88 | Q3: 15.36363 | AD3: 15.35336 | AE3: 15.36363 | AF3: 15.50173 | AG3: 15.50178 | AH3: 15.51023 | AI3: 15.54384 | AJ3: 15.54997 | AK3: 15.55976 | AL3: 15.55976 | AM3: 17.05027 | AN3: 17.22984 | AO3: z | AP3: 1 | AQ3: 1.661418 | AR3: None | AS3: z | AT3: TRUE | AU3: 15.51023 | AV3: 15.55976 | BH3: 2 | BI3: 1 | BJ3: 2025-11-17_09h58.11.264 | BK3: solo project | BM3: 2025.1.1 | BN3: 121.3335 | BO3: 2025-11-17 09h58.18.142547 +0530 | BQ3: 02_solo project_2025-11-17_09h58.11.264.csv
A4: doctor | B4: nursep | C4: related | D4: nonword | E4: z | F4: 2 | G4: 2 | H4: 0 | I4: z | J4: 1 | K4: 1.111312 | L4: None | M4: 0 | N4: 2 | O4: 2 | P4: 50 | Q4: 17.24065 | AD4: 17.23041 | AE4: 17.24065 | AF4: 17.37798 | AG4: 17.37807 | AH4: 17.38497 | AI4: 17.41772 | AJ4: 17.42191 | AK4: 17.42887 | AL4: 17.42887 | AN4: 18.54584 | AO4: z | AP4: 1 | AQ4: 1.111312 | AR4: None | AS4: z | AT4: TRUE | AU4: 17.38497 | AV4: 17.42887 | BH4: 2 | BI4: 1 | BJ4: 2025-11-17_09h58.11.264 | BK4: solo project | BM4: 2025.1.1 | BN4: 121.3335 | BO4: 2025-11-17 09h58.18.142547 +0530 | BQ4: 02_solo project_2025-11-17_09h58.11.264.csv
A5: fire | B5: blanket | C5: unrelated | D5: word | E5: m | F5: 3 | G5: 3 | H5: 0 | I5: m | J5: 1 | K5: 1.099699 | L5: None | M5: 0 | N5: 3 | O5: 3 | P5: 39 | Q5: 18.56406 | AD5: 18.54636 | AE5: 18.56406 | AF5: 18.70059 | AG5: 18.70066 | AH5: 18.71048 | AI5: 18.74445 | AJ5: 18.7488 | AK5: 18.75545 | AL5: 18.75545 | AN5: 19.86234 | AO5: m | AP5: 1 | AQ5: 1.099699 | AR5: None | AS5: m | AT5: TRUE | AV5: 18.75545 | BH5: 2 | BI5: 1 | BJ5: 2025-11-17_09h58.11.264 | BK5: solo project | BM5: 2025.1.1 | BN5: 121.3335 | BO5: 2025-11-17 09h58.18.142547 +0530 | BQ5: 02_solo project_2025-11-17_09h58.11.264.csv
A6: rain | B6: engine | C6: unrelated | D6: word | E6: m | F6: 4 | G6: 4 | H6: 0 | I6: m | J6: 1 | K6: 0.892482 | L6: None | M6: 0 | N6: 4 | O6: 4 | P6: 42 | Q6: 19.87254 | AD6: 19.86278 | AE6: 19.87254 | AF6: 20.01135 | AG6: 20.01143 | AH6: 20.01801 | AI6: 20.0511 | AJ6: 20.05531 | AK6: 20.06258 | AL6: 20.06258 | AN6: 20.96266 | AO6: m | AP6: 1 | AQ6: 0.892482 | AR6: None | AS6: m | AT6: TRUE | AU6: 20.01801 | AV6: 20.06258 | BH6: 2 | BI6: 1 | BJ6: 2025-11-17_09h58.11.264 | BK6: solo project | BM6: 2025.1.1 | BN6: 121.3335 | BO6: 2025-11-17 09h58.18.142547 +0530 | BQ6: 02_solo project_2025-11-17_09h58.11.264.csv
A7: book | B7: pageq | C7: related | D7: nonword | E7: z | F7: 5 | G7: 5 | H7: 0 | I7: z | J7: 1 | K7: 1.007575 | L7: None | M7: 0 | N7: 5 | O7: 5 | P7: 58 | Q7: 20.97323 | AD7: 20.96317 | AE7: 20.97323 | AF7: 21.11088 | AG7: 21.11095 | AH7: 21.11754 | AI7: 21.1501 | AJ7: 21.15342 | AK7: 21.16053 | AL7: 21.16053 | AN7: 22.17818 | AO7: z | AP7: 1 | AQ7: 1.007575 | AR7: None | AS7: z | AT7: TRUE | AU7: 21.11754 | AV7: 21.16053 | BH7: 2 | BI7: 1 | BJ7: 2025-11-17_09h58.11.264 | BK7: solo project | BM7: 2025.1.1 | BN7: 121.3335 | BO7: 2025-11-17 09h58.18.142547 +0530 | BQ7: 02_solo project_2025-11-17_09h58.11.264.csv
A8: teacher | B8: banana | C8: unrelated | D8: word | E8: m | F8: 6 | G8: 6 | H8: 0 | I8: m | J8: 1 | K8: 0.731775 | L8: None | M8: 0 | N8: 6 | O8: 6 | P8: 29 | Q8: 22.18863 | AD8: 22.17859 | AE8: 22.18863 | AF8: 22.32776 | AG8: 22.32782 | AH8: 22.33403 | AI8: 22.36735 | AJ8: 22.37159 | AK8: 22.39327 | AL8: 22.39327 | AN8: 23.12909 | AO8: m | AP8: 1 | AQ8: 0.731775 | AR8: None | AS8: m | AT8: TRUE | AU8: 22.33403 | AV8: 22.39327 | BH8: 2 | BI8: 1 | BJ8: 2025-11-17_09h58.11.264 | BK8: solo project | BM8: 2025.1.1 | BN8: 121.3335 | BO8: 2025-11-17 09h58.18.142547 +0530 | BQ8: 02_solo project_2025-11-17_09h58.11.264.csv
A9: sun | B9: glass | C9: unrelated | D9: word | E9: m | F9: 7 | G9: 7 | H9: 0 | I9: m | J9: 1 | K9: 0.868255 | L9: None | M9: 0 | N9: 7 | O9: 7 | P9: 27 | Q9: 23.13972 | AD9: 23.12959 | AE9: 23.13972 | AF9: 23.27791 | AG9: 23.27799 | AH9: 23.2845 | AI9: 23.31763 | AJ9: 23.32184 | AK9: 23.32875 | AL9: 23.32875 | AN9: 24.20234 | AO9: m | AP9: 1 | AQ9: 0.868255 | AR9: None | AS9: m | AT9: TRUE | AU9: 23.2845 | AV9: 23.32875 | BH9: 2 | BI9: 1 | BJ9: 2025-11-17_09h58.11.264 | BK9: solo project | BM9: 2025.1.1 | BN9: 121.3335 | BO9: 2025-11-17 09h58.18.142547 +0530 | BQ9: 02_solo project_2025-11-17_09h58.11.264.csv
A10: salt | B10: pepper | C10: related | D10: word | E10: m | F10: 8 | G10: 8 | H10: 0 | I10: m | J10: 1 | K10: 0.950328 | L10: None | M10: 0 | N10: 8 | O10: 8 | P10: 22 | Q10: 24.21293 | AD10: 24.20279 | AE10: 24.21293 | AF10: 24.35083 | AG10: 24.35089 | AH10: 24.36044 | AI10: 24.39444 | AJ10: 24.39903 | AK10: 24.40566 | AL10: 24.40566 | AN10: 25.36177 | AO10: m | AP10: 1 | AQ10: 0.950328 | AR10: None | AS10: m | AT10: TRUE | AU10: 24.36044 | AV10: 24.40566 | BH10: 2 | BI10: 1 | BJ10: 2025-11-17_09h58.11.264 | BK10: solo project | BM10: 2025.1.1 | BN10: 121.3335 | BO10: 2025-11-17 09h58.18.142547 +0530 | BQ10: 02_solo project_2025-11-17_09h58.11.264.csv
A11: ball | B11: gameu | C11: related | D11: nonword | E11: z | F11: 9 | G11: 9 | H11: 0 | I11: z | J11: 1 | K11: 0.515783 | L11: None | M11: 0 | N11: 9 | O11: 9 | P11: 73 | Q11: 25.37015 | AD11: 25.36215 | AE11: 25.37015 | AF11: 25.51094 | AG11: 25.51101 | AH11: 25.51757 | AI11: 25.5506 | AJ11: 25.55416 | AK11: 25.56119 | AL11: 25.56119 | AN11: 26.07937 | AO11: z | AP11: 1 | AQ11: 0.515783 | AR11: None | AS11: z | AT11: TRUE | AU11: 25.51757 | AV11: 25.56119 | BH11: 2 | BI11: 1 | BJ11: 2025-11-17_09h58.11.264 | BK11: solo project | BM11: 2025.1.1 | BN11: 121.3335 | BO11: 2025-11-17 09h58.18.142547 +0530 | BQ11: 02_solo project_2025-11-17_09h58.11.264.csv
A12: shoe | B12: sock | C12: related | D12: word | E12: m | F12: 10 | G12: 10 | H12: 0 | I12: m | J12: 1 | K12: 0.893204 | L12: None | M12: 0 | N12: 10 | O12: 10 | P12: 21 | Q12: 26.08856 | AD12: 26.07993 | AE12: 26.08856 | AF12: 26.22747 | AG12: 26.22754 | AH12: 26.23408 | AI12: 26.26717 | AJ12: 26.27056 | AK12: 26.27775 | AL12: 26.27775 | AN12: 27.17934 | AO12: m | AP12: 1 | AQ12: 0.893204 | AR12: None | AS12: m | AT12: TRUE | AU12: 26.23408 | AV12: 26.27775 | BH12: 2 | BI12: 1 | BJ12: 2025-11-17_09h58.11.264 | BK12: solo project | BM12: 2025.1.1 | BN12: 121.3335 | BO12: 2025-11-17 09h58.18.142547 +0530 | BQ12: 02_solo project_2025-11-17_09h58.11.264.csv
A13: road | B13: street | C13: related | D13: word | E13: m | F13: 11 | G13: 11 | H13: 0 | I13: m | J13: 1 | K13: 0.906264 | L13: None | M13: 0 | N13: 11 | O13: 11 | P13: 19 | Q13: 27.1871 | AD13: 27.17959 | AE13: 27.1871 | AF13: 27.32746 | AG13: 27.32752 | AH13: 27.33413 | AI13: 27.36711 | AJ13: 27.37041 | AK13: 27.37763 | AL13: 27.37763 | AN13: 28.28617 | AO13: m | AP13: 1 | AQ13: 0.906264 | AR13: None | AS13: m | AT13: TRUE | AU13: 27.33413 | AV13: 27.37763 | BH13: 2 | BI13: 1 | BJ13: 2025-11-17_09h58.11.264 | BK13: solo project | BM13: 2025.1.1 | BN13: 121.3335 | BO13: 2025-11-17 09h58.18.142547 +0530 | BQ13: 02_solo project_2025-11-17_09h58.11.264.csv
A14: sun | B14: lighta | C14: related | D14: nonword | E14: z | F14: 12 | G14: 12 | H14: 0 | I14: z | J14: 1 | K14: 0.901983 | L14: None | M14: 0 | N14: 12 | O14: 12 | P14: 52 | Q14: 28.29647 | AD14: 28.28658 | AE14: 28.29647 | AF14: 28.43391 | AG14: 28.43395 | AH14: 28.44375 | AI14: 28.4779 | AJ14: 28.48225 | AK14: 28.48896 | AL14: 28.48896 | AN14: 29.39562 | AO14: z | AP14: 1 | AQ14: 0.901983 | AR14: None | AS14: z | AT14: TRUE | AU14: 28.44375 | AV14: 28.48896 | BH14: 2 | BI14: 1 | BJ14: 2025-11-17_09h58.11.264 | BK14: solo project | BM14: 2025.1.1 | BN14: 121.3335 | BO14: 2025-11-17 09h58.18.142547 +0530 | BQ14: 02_solo project_2025-11-17_09h58.11.264.csv
A15: road | B15: candley | C15: unrelated | D15: nonword | E15: z | F15: 13 | G15: 13 | H15: 0 | I15: z | J15: 1 | K15: 1.135861 | L15: None | M15: 0 | N15: 13 | O15: 13 | P15: 94 | Q15: 29.40448 | AD15: 29.39601 | AE15: 29.40448 | AF15: 29.54406 | AG15: 29.54412 | AH15: 29.55076 | AI15: 29.58399 | AJ15: 29.58783 | AK15: 29.60999 | AL15: 29.60999 | AN15: 30.75239 | AO15: z | AP15: 1 | AQ15: 1.135861 | AR15: None | AS15: z | AT15: TRUE | AU15: 29.55076 | AV15: 29.60999 | BH15: 2 | BI15: 1 | BJ15: 2025-11-17_09h58.11.264 | BK15: solo project | BM15: 2025.1.1 | BN15: 121.3335 | BO15: 2025-11-17 09h58.18.142547 +0530 | BQ15: 02_solo project_2025-11-17_09h58.11.264.csv
A16: flower | B16: bottle | C16: unrelated | D16: word | E16: m | F16: 14 | G16: 14 | H16: 0 | I16: m | J16: 1 | K16: 1.001138 | L16: None | M16: 0 | N16: 14 | O16: 14 | P16: 49 | Q16: 30.76328 | AD16: 30.75289 | AE16: 30.76328 | AF16: 30.90066 | AG16: 30.90071 | AH16: 30.91075 | AI16: 30.94405 | AJ16: 30.94816 | AK16: 30.95478 | AL16: 30.95478 | AN16: 31.96247 | AO16: m | AP16: 1 | AQ16: 1.001138 | AR16: None | AS16: m | AT16: TRUE | AU16: 30.91075 | AV16: 30.95478 | BH16: 2 | BI16: 1 | BJ16: 2025-11-17_09h58.11.264 | BK16: solo project | BM16: 2025.1.1 | BN16: 121.3335 | BO16: 2025-11-17 09h58.18.142547 +0530 | BQ16: 02_solo project_2025-11-17_09h58.11.264.csv
A17: tree | B17: speaker | C17: unrelated | D17: word | E17: m | F17: 15 | G17: 15 | H17: 0 | I17: m | J17: 1 | K17: 0.851214 | L17: None | M17: 0 | N17: 15 | O17: 15 | P17: 45 | Q17: 31.97306 | AD17: 31.96298 | AE17: 31.97306 | AF17: 32.11052 | AG17: 32.1106 | AH17: 32.11717 | AI17: 32.15081 | AJ17: 32.15447 | AK17: 32.17657 | AL17: 32.17657 | AN17: 33.03634 | AO17: m | AP17: 1 | AQ17: 0.851214 | AR17: None | AS17: m | AT17: TRUE | AU17: 32.11717 | AV17: 32.17657 | BH17: 2 | BI17: 1 | BJ17: 2025-11-17_09h58.11.264 | BK17: solo project | BM17: 2025.1.1 | BN17: 121.3335 | BO17: 2025-11-17 09h58.18.142547 +0530 | BQ17: 02_solo project_2025-11-17_09h58.11.264.csv
... A29: doctor | B29: tabler | C29: unrelated | D29: nonword | E29: z | F29: 27 | G29: 27 | H29: 0 | I29: z | J29: 1 | K29: 0.640594 | L29: None | M29: 0 | N29: 27 | O29: 27 | P29: 75 | Q29: 43.70646 | AD29: 43.69659 | AE29: 43.70646 | AF29: 43.84373 | AG29: 43.8438 | AH29: 43.85033 | AI29: 43.88393 | AJ29: 43.8877 | AK29: 43.90992 | AL29: 43.90992 | AN29: 44.55266 | AO29: z | AP29: 1 | AQ29: 0.640594 | AR29: None | AS29: z | AT29: TRUE | AU29: 43.85033 | AV29: 43.90992 | BH29: 2 | BI29: 1 | BJ29: 2025-11-17_09h58.11.264 | BK29: solo project | BM29: 2025.1.1 | BN29: 121.3335 | BO29: 2025-11-17 09h58.18.142547 +0530 | BQ29: 02_solo project_2025-11-17_09h58.11.264.csv
A30: pen | B30: shoe | C30: unrelated | D30: word | E30: m | F30: 28 | G30: 28 | H30: 0 | I30: m | J30: 1 | K30: 0.77398 | L30: None | M30: 0 | N30: 28 | O30: 28 | P30: 43 | Q30: 44.56313 | AD30: 44.55317 | AE30: 44.56313 | AF30: 44.70356 | AG30: 44.70361 | AH30: 44.71023 | AI30: 44.74414 | AJ30: 44.74787 | AK30: 44.75462 | AL30: 44.75462 | AN30: 45.53591 | AO30: m | AP30: 1 | AQ30: 0.77398 | AR30: None | AS30: m | AT30: TRUE | AV30: 44.75462 | BH30: 2 | BI30: 1 | BJ30: 2025-11-17_09h58.11.264 | BK30: solo project | BM30: 2025.1.1 | BN30: 121.3335 | BO30: 2025-11-17 09h58.18.142547 +0530 | BQ30: 02_solo project_2025-11-17_09h58.11.264.csv
A31: flower | B31: petaln | C31: related | D31: nonword | E31: z | F31: 29 | G31: 29 | H31: 0 | I31: z | J31: 1 | K31: 0.679293 | L31: None | M31: 0 | N31: 29 | O31: 29 | P31: 74 | Q31: 45.54607 | AD31: 45.53636 | AE31: 45.54607 | AF31: 45.68379 | AG31: 45.68386 | AH31: 45.69355 | AI31: 45.72743 | AJ31: 45.73141 | AK31: 45.73824 | AL31: 45.73824 | AN31: 46.42942 | AO31: z | AP31: 1 | AQ31: 0.679293 | AR31: None | AS31: z | AT31: TRUE | AU31: 45.69355 | AV31: 45.73824 | BH31: 2 | BI31: 1 | BJ31: 2025-11-17_09h58.11.264 | BK31: solo project | BM31: 2025.1.1 | BN31: 121.3335 | BO31: 2025-11-17 09h58.18.142547 +0530 | BQ31: 02_solo project_2025-11-17_09h58.11.264.csv
A32: cup | B32: teaf | C32: related | D32: nonword | E32: z | F32: 30 | G32: 30 | H32: 0 | I32: z | J32: 1 | K32: 0.8928 | L32: None | M32: 0 | N32: 30 | O32: 30 | P32: 65 | Q32: 46.43967 | AD32: 46.42981 | AE32: 46.43967 | AF32: 46.57738 | AG32: 46.57747 | AH32: 46.58403 | AI32: 46.6175 | AJ32: 46.62164 | AK32: 46.62865 | AL32: 46.62865 | AN32: 47.52944 | AO32: z | AP32: 1 | AQ32: 0.8928 | AR32: None | AS32: z | AT32: TRUE | AU32: 46.58403 | AV32: 46.62865 | BH32: 2 | BI32: 1 | BJ32: 2025-11-17_09h58.11.264 | BK32: solo project | BM32: 2025.1.1 | BN32: 121.3335 | BO32: 2025-11-17 09h58.18.142547 +0530 | BQ32: 02_solo project_2025-11-17_09h58.11.264.csv
A33: mother | B33: childo | C33: related | D33: nonword | E33: z | F33: 31 | G33: 31 | H33: 0 | I33: z | J33: 1 | K33: 0.773251 | L33: None | M33: 0 | N33: 31 | O33: 31 | P33: 55 | Q33: 47.53991 | AD33: 47.52983 | AE33: 47.53991 | AF33: 47.6771 | AG33: 47.67718 | AH33: 47.6837 | AI33: 47.71769 | AJ33: 47.72129 | AK33: 47.74316 | AL33: 47.74316 | AN33: 48.51951 | AO33: z | AP33: 1 | AQ33: 0.773251 | AR33: None | AS33: z | AT33: TRUE | AU33: 47.6837 | AV33: 47.74316 | BH33: 2 | BI33: 1 | BJ33: 2025-11-17_09h58.11.264 | BK33: solo project | BM33: 2025.1.1 | BN33: 121.3335 | BO33: 2025-11-17 09h58.18.142547 +0530 | BQ33: 02_solo project_2025-11-17_09h58.11.264.csv
A34: cup | B34: bricku | C34: unrelated | D34: nonword | E34: z | F34: 32 | G34: 32 | H34: 0 | I34: z | J34: 1 | K34: 0.6171 | L34: None | M34: 0 | N34: 32 | O34: 32 | P34: 90 | Q34: 48.52965 | AD34: 48.51999 | AE34: 48.52965 | AF34: 48.66785 | AG34: 48.66791 | AH34: 48.67659 | AI34: 48.71099 | AJ34: 48.71484 | AK34: 48.72139 | AL34: 48.72139 | AN34: 49.3462 | AO34: z | AP34: 1 | AQ34: 0.6171 | AR34: None | AS34: z | AT34: TRUE | AU34: 48.67659 | AV34: 48.72139 | BH34: 2 | BI34: 1 | BJ34: 2025-11-17_09h58.11.264 | BK34: solo project | BM34: 2025.1.1 | BN34: 121.3335 | BO34: 2025-11-17 09h58.18.142547 +0530 | BQ34: 02_solo project_2025-11-17_09h58.11.264.csv
A35: doctor | B35: table | C35: unrelated | D35: word | E35: m | F35: 33 | G35: 33 | H35: 0 | I35: m | J35: 1 | K35: 0.494973 | L35: None | M35: 0 | N35: 33 | O35: 33 | P35: 25 | Q35: 49.35644 | AD35: 49.34658 | AE35: 49.35644 | AF35: 49.49395 | AG35: 49.49402 | AH35: 49.50058 | AI35: 49.54426 | AJ35: 49.54766 | AK35: 49.55445 | AL35: 49.55445 | AN35: 50.05279 | AO35: m | AP35: 1 | AQ35: 0.494973 | AR35: None | AS35: m | AT35: TRUE | AU35: 49.50058 | AV35: 49.55445 | BH35: 2 | BI35: 1 | BJ35: 2025-11-17_09h58.11.264 | BK35: solo project | BM35: 2025.1.1 | BN35: 121.3335 | BO35: 2025-11-17 09h58.18.142547 +0530 | BQ35: 02_solo project_2025-11-17_09h58.11.264.csv
A36: car | B36: window | C36: unrelated | D36: word | E36: m | F36: 34 | G36: 34 | H36: 0 | I36: m | J36: 1 | K36: 0.75767 | L36: None | M36: 0 | N36: 34 | O36: 34 | P36: 31 | Q36: 50.06289 | AD36: 50.05324 | AE36: 50.06289 | AF36: 50.19963 | AG36: 50.19967 | AH36: 50.21065 | AI36: 50.24377 | AJ36: 50.24712 | AK36: 50.25375 | AL36: 50.25375 | AN36: 51.01837 | AO36: m | AP36: 1 | AQ36: 0.75767 | AR36: None | AS36: m | AT36: TRUE | AU36: 50.21065 | AV36: 50.25375 | BH36: 2 | BI36: 1 | BJ36: 2025-11-17_09h58.11.264 | BK36: solo project | BM36: 2025.1.1 | BN36: 121.3335 | BO36: 2025-11-17 09h58.18.142547 +0530 | BQ36: 02_solo project_2025-11-17_09h58.11.264.csv
A37: book | B37: hammerr | C37: unrelated | D37: nonword | E37: z | F37: 35 | G37: 35 | H37: 0 | I37: z | J37: 1 | K37: 0.710559 | L37: None | M37: 0 | N37: 35 | O37: 35 | P37: 83 | Q37: 51.02741 | AD37: 51.01866 | AE37: 51.02741 | AF37: 51.16097 | AG37: 51.16105 | AH37: 51.16763 | AI37: 51.21048 | AJ37: 51.2142 | AK37: 51.22085 | AL37: 51.22085 | AN37: 51.93581 | AO37: z | AP37: 1 | AQ37: 0.710559 | AR37: None | AS37: z | AT37: TRUE | AU37: 51.16763 | AV37: 51.22085 | BH37: 2 | BI37: 1 | BJ37: 2025-11-17_09h58.11.264 | BK37: solo project | BM37: 2025.1.1 | BN37: 121.3335 | BO37: 2025-11-17 09h58.18.142547 +0530 | BQ37: 02_solo project_2025-11-17_09h58.11.264.csv
A38: teacher | B38: bananaz | C38: unrelated | D38: nonword | E38: z | F38: 36 | G38: 36 | H38: 0 | I38: z | J38: 1 | K38: 0.624141 | L38: None | M38: 0 | N38: 36 | O38: 36 | P38: 79 | Q38: 51.94609 | AD38: 51.9362 | AE38: 51.94609 | AF38: 52.08388 | AG38: 52.08395 | AH38: 52.09358 | AI38: 52.12755 | AJ38: 52.13258 | AK38: 52.13929 | AL38: 52.13929 | AN38: 52.76835 | AO38: z | AP38: 1 | AQ38: 0.624141 | AR38: None | AS38: z | AT38: TRUE | AU38: 52.09358 | AV38: 52.13929 | BH38: 2 | BI38: 1 | BJ38: 2025-11-17_09h58.11.264 | BK38: solo project | BM38: 2025.1.1 | BN38: 121.3335 | BO38: 2025-11-17 09h58.18.142547 +0530 | BQ38: 02_solo project_2025-11-17_09h58.11.264.csv
A39: teacher | B39: student | C39: related | D39: word | E39: m | F39: 37 | G39: 37 | H39: 0 | I39: m | J39: 1 | K39: 0.543389 | L39: None | M39: 0 | N39: 37 | O39: 37 | P39: 4 | Q39: 52.7792 | AD39: 52.76873 | AE39: 52.7792 | AF39: 52.91995 | AG39: 52.92 | AH39: 52.92661 | AI39: 52.96058 | AJ39: 52.96437 | AK39: 52.97095 | AL39: 52.97095 | AN39: 53.51944 | AO39: m | AP39: 1 | AQ39: 0.543389 | AR39: None | AS39: m | AT39: TRUE | AV39: 52.97095 | BH39: 2 | BI39: 1 | BJ39: 2025-11-17_09h58.11.264 | BK39: solo project | BM39: 2025.1.1 | BN39: 121.3335 | BO39: 2025-11-17 09h58.18.142547 +0530 | BQ39: 02_solo project_2025-11-17_09h58.11.264.csv
A40: pen | B40: shoep | C40: unrelated | D40: nonword | E40: z | F40: 39 | G40: 39 | H40: 0 | I40: z | J40: 1 | K40: 0.956612 | L40: None | M40: 0 | N40: 39 | O40: 39 | P40: 93 | Q40: 54.4691 | AD40: 54.46248 | AE40: 54.4691 | AF40: 54.61053 | AG40: 54.6106 | AH40: 54.61691 | AI40: 54.65071 | AJ40: 54.65477 | AK40: 54.66173 | AL40: 54.66173 | AN40: 55.62927 | AO40: z | AP40: 1 | AQ40: 0.956612 | AR40: None | AS40: z | AT40: TRUE | AU40: 54.61691 | AV40: 54.66173 | BH40: 2 | BI40: 1 | BJ40: 2025-11-17_09h58.11.264 | BK40: solo project | BM40: 2025.1.1 | BN40: 121.3335 | BO40: 2025-11-17 09h58.18.142547 +0530 | BQ40: 02_solo project_2025-11-17_09h58.11.264.csv
A41: mother | B41: bottle | C41: unrelated | D41: word | E41: m | F41: 40 | G41: 40 | H41: 0 | I41: m | J41: 1 | K41: 0.561254 | L41: None | M41: 0 | N41: 40 | O41: 40 | P41: 30 | Q41: 55.63967 | AD41: 55.62968 | AE41: 55.63967 | AF41: 55.77757 | AG41: 55.77765 | AH41: 55.78427 | AI41: 55.81711 | AJ41: 55.82135 | AK41: 55.84306 | AL41: 55.84306 | AN41: 56.41225 | AO41: m | AP41: 1 | AQ41: 0.561254 | AR41: None | AS41: m | AT41: TRUE | AU41: 55.78427 | AV41: 55.84306 | BH41: 2 | BI41: 1 | BJ41: 2025-11-17_09h58.11.264 | BK41: solo project | BM41: 2025.1.1 | BN41: 121.3335 | BO41: 2025-11-17 09h58.18.142547 +0530 | BQ41: 02_solo project_2025-11-17_09h58.11.264.csv
A42: phone | B42: call | C42: related | D42: word | E42: m | F42: 41 | G42: 41 | H42: 0 | I42: m | J42: 1 | K42: 0.592135 | L42: None | M42: 0 | N42: 41 | O42: 41 | P42: 7 | Q42: 56.42257 | AD42: 56.41265 | AE42: 56.42257 | AF42: 56.56052 | AG42: 56.56058 | AH42: 56.5668 | AI42: 56.60037 | AJ42: 56.60401 | AK42: 56.61113 | AL42: 56.61113 | AN42: 57.21258 | AO42: m | AP42: 1 | AQ42: 0.592135 | AR42: None | AS42: m | AT42: TRUE | AU42: 56.5668 | AV42: 56.61113 | BH42: 2 | BI42: 1 | BJ42: 2025-11-17_09h58.11.264 | BK42: solo project | BM42: 2025.1.1 | BN42: 121.3335 | BO42: 2025-11-17 09h58.18.142547 +0530 | BQ42: 02_solo project_2025-11-17_09h58.11.264.csv
A43: cup | B43: tea | C43: related | D43: word | E43: m | F43: 42 | G43: 42 | H43: 0 | I43: m | J43: 1 | K43: 0.523212 | L43: None | M43: 0 | N43: 42 | O43: 42 | P43: 15 | Q43: 57.22293 | AD43: 57.21296 | AE43: 57.22293 | AF43: 57.36082 | AG43: 57.36087 | AH43: 57.36718 | AI43: 57.40065 | AJ43: 57.40481 | AK43: 57.41807 | AL43: 57.41807 | AN43: 57.94522 | AO43: m | AP43: 1 | AQ43: 0.523212 | AR43: None | AS43: m | AT43: TRUE | AU43: 57.36718 | AV43: 57.41807 | BH43: 2 | BI43: 1 | BJ43: 2025-11-17_09h58.11.264 | BK43: solo project | BM43: 2025.1.1 | BN43: 121.3335 | BO43: 2025-11-17 09h58.18.142547 +0530 | BQ43: 02_solo project_2025-11-17_09h58.11.264.csv
A44: flower | B44: petal | C44: related | D44: word | E44: m | F44: 43 | G44: 43 | H44: 0 | I44: m | J44: 1 | K44: 0.63056 | L44: None | M44: 0 | N44: 43 | O44: 43 | P44: 24 | Q44: 57.95558 | AD44: 57.94572 | AE44: 57.95558 | AF44: 58.09406 | AG44: 58.09414 | AH44: 58.10057 | AI44: 58.13386 | AJ44: 58.13803 | AK44: 58.15973 | AL44: 58.15973 | AN44: 58.79633 | AO44: m | AP44: 1 | AQ44: 0.63056 | AR44: None | AS44: m | AT44: TRUE | AU44: 58.10057 | AV44: 58.15973 | BH44: 2 | BI44: 1 | BJ44: 2025-11-17_09h58.11.264 | BK44: solo project | BM44: 2025.1.1 | BN44: 121.3335 | BO44: 2025-11-17 09h58.18.142547 +0530 | BQ44: 02_solo project_2025-11-17_09h58.11.264.csv
A45: ball | B45: mirror | C45: unrelated | D45: word | E45: m | F45: 44 | G45: 44 | H45: 0 | I45: m | J45: 1 | K45: 0.467318 | L45: None | M45: 0 | N45: 44 | O45: 44 | P45: 48 | Q45: 58.80709 | AD45: 58.79694 | AE45: 58.80709 | AF45: 58.94368 | AG45: 58.94372 | AH45: 58.95001 | AI45: 58.98358 | AJ45: 58.98737 | AK45: 59.00992 | AL45: 59.00992 | AN45: 59.48552 | AO45: m | AP45: 1 | AQ45: 0.467318 | AR45: None | AS45: m | AT45: TRUE | AU45: 58.95001 | AV45: 59.00992 | BH45: 2 | BI45: 1 | BJ45: 2025-11-17_09h58.11.264 | BK45: solo project | BM45: 2025.1.1 | BN45: 121.3335 | BO45: 2025-11-17 09h58.18.142547 +0530 | BQ45: 02_solo project_2025-11-17_09h58.11.264.csv
A46: river | B46: chairy | C46: unrelated | D46: nonword | E46: z | F46: 45 | G46: 45 | H46: 0 | I46: z | J46: 1 | K46: 0.941286 | L46: None | M46: 0 | N46: 45 | O46: 45 | P46: 84 | Q46: 59.49642 | AD46: 59.48596 | AE46: 59.49642 | AF46: 59.63387 | AG46: 59.63393 | AH46: 59.64375 | AI46: 59.67755 | AJ46: 59.68147 | AK46: 59.68801 | AL46: 59.68801 | AN46: 60.63554 | AO46: z | AP46: 1 | AQ46: 0.941286 | AR46: None | AS46: z | AT46: TRUE | AU46: 59.64375 | AV46: 59.68801 | BH46: 2 | BI46: 1 | BJ46: 2025-11-17_09h58.11.264 | BK46: solo project | BM46: 2025.1.1 | BN46: 121.3335 | BO46: 2025-11-17 09h58.18.142547 +0530 | BQ46: 02_solo project_2025-11-17_09h58.11.264.csv
A47: heart | B47: beat | C47: related | D47: word | E47: m | F47: 46 | G47: 46 | H47: 0 | I47: m | J47: 1 | K47: 0.535406 | L47: None | M47: 0 | N47: 46 | O47: 46 | P47: 11 | Q47: 60.64626 | AD47: 60.63599 | AE47: 60.64626 | AF47: 60.78415 | AG47: 60.78421 | AH47: 60.79397 | AI47: 60.82732 | AJ47: 60.83093 | AK47: 60.83781 | AL47: 60.83781 | AN47: 61.37924 | AO47: m | AP47: 1 | AQ47: 0.535406 | AR47: None | AS47: m | AT47: TRUE | AU47: 60.79397 | AV47: 60.83781 | BH47: 2 | BI47: 1 | BJ47: 2025-11-17_09h58.11.264 | BK47: solo project | BM47: 2025.1.1 | BN47: 121.3335 | BO47: 2025-11-17 09h58.18.142547 +0530 | BQ47: 02_solo project_2025-11-17_09h58.11.264.csv
A48: king | B48: marker | C48: unrelated | D48: word | E48: m | F48: 47 | G48: 47 | H48: 0 | I48: m | J48: 1 | K48: 1.272064 | L48: None | M48: 0 | N48: 47 | O48: 47 | P48: 38 | Q48: 61.38736 | AD48: 61.37981 | AE48: 61.38736 | AF48: 61.52712 | AG48: 61.52718 | AH48: 61.53343 | AI48: 61.56737 | AJ48: 61.57087 | AK48: 61.5931 | AL48: 61.5931 | AN48: 62.86897 | AO48: m | AP48: 1 | AQ48: 1.272064 | AR48: None | AS48: m | AT48: TRUE | AU48: 61.53343 | AV48: 61.5931 | BH48: 2 | BI48: 1 | BJ48: 2025-11-17_09h58.11.264 | BK48: solo project | BM48: 2025.1.1 | BN48: 121.3335 | BO48: 2025-11-17 09h58.18.142547 +0530 | BQ48: 02_solo project_2025-11-17_09h58.11.264.csv
A49: fire | B49: blanketi | C49: unrelated | D49: nonword | E49: z | F49: 48 | G49: 48 | H49: 0 | I49: z | J49: 1 | K49: 0.776174 | L49: None | M49: 0 | N49: 48 | O49: 48 | P49: 89 | Q49: 62.87928 | AD49: 62.86949 | AE49: 62.87928 | AF49: 63.01772 | AG49: 63.01778 | AH49: 63.02678 | AI49: 63.06053 | AJ49: 63.06544 | AK49: 63.07197 | AL49: 63.07197 | AN49: 63.85277 | AO49: z | AP49: 1 | AQ49: 0.776174 | AR49: None | AS49: z | AT49: TRUE | AU49: 63.02678 | AV49: 63.07197 | BH49: 2 | BI49: 1 | BJ49: 2025-11-17_09h58.11.264 | BK49: solo project | BM49: 2025.1.1 | BN49: 121.3335 | BO49: 2025-11-17 09h58.18.142547 +0530 | BQ49: 02_solo project_2025-11-17_09h58.11.264.csv
A50: cat | B50: dogt | C50: related | D50: nonword | E50: z | F50: 49 | G50: 49 | H50: 0 | I50: z | J50: 1 | K50: 0.610221 | L50: None | M50: 0 | N50: 49 | O50: 49 | P50: 51 | Q50: 63.86337 | AD50: 63.85326 | AE50: 63.86337 | AF50: 64.0002 | AG50: 64.00026 | AH50: 64.0105 | AI50: 64.04384 | AJ50: 64.0473 | AK50: 64.05387 | AL50: 64.05387 | AN50: 64.66925 | AO50: z | AP50: 1 | AQ50: 0.610221 | AR50: None | AS50: z | AT50: TRUE | AU50: 64.0105 | AV50: 64.05387 | BH50: 2 | BI50: 1 | BJ50: 2025-11-17_09h58.11.264 | BK50: solo project | BM50: 2025.1.1 | BN50: 121.3335 | BO50: 2025-11-17 09h58.18.142547 +0530 | BQ50: 02_solo project_2025-11-17_09h58.11.264.csv
A51: tree | B51: speakert | C51: unrelated | D51: nonword | E51: z | F51: 50 | G51: 50 | H51: 0 | I51: z | J51: 1 | K51: 0.877891 | L51: None | M51: 0 | N51: 50 | O51: 50 | P51: 95 | Q51: 64.67734 | AD51: 64.66964 | AE51: 64.67734 | AF51: 64.81663 | AG51: 64.81668 | AH51: 64.82684 | AI51: 64.86086 | AJ51: 64.86459 | AK51: 64.87123 | AL51: 64.87123 | AN51: 65.75249 | AO51: z | AP51: 1 | AQ51: 0.877891 | AR51: None | AS51: z | AT51: TRUE | AU51: 64.82684 | AV51: 64.87123 | BH51: 2 | BI51: 1 | BJ51: 2025-11-17_09h58.11.264 | BK51: solo project | BM51: 2025.1.1 | BN51: 121.3335 | BO51: 2025-11-17 09h58.18.142547 +0530 | BQ51: 02_solo project_2025-11-17_09h58.11.264.csv
... A61: king | B61: queen | C61: related | D61: word | E61: m | F61: 60 | G61: 60 | H61: 0 | I61: m | J61: 1 | K61: 0.721016 | L61: None | M61: 0 | N61: 60 | O61: 60 | P61: 13 | Q61: 75.17247 | AD61: 75.16248 | AE61: 75.17247 | AF61: 75.30997 | AG61: 75.31004 | AH61: 75.31624 | AI61: 75.35054 | AJ61: 75.35479 | AK61: 75.36183 | AL61: 75.36183 | AN61: 76.08553 | AO61: m | AP61: 1 | AQ61: 0.721016 | AR61: None | AS61: m | AT61: TRUE | AU61: 75.31624 | AV61: 75.36183 | BH61: 2 | BI61: 1 | BJ61: 2025-11-17_09h58.11.264 | BK61: solo project | BM61: 2025.1.1 | BN61: 121.3335 | BO61: 2025-11-17 09h58.18.142547 +0530 | BQ61: 02_solo project_2025-11-17_09h58.11.264.csv
A62: heart | B62: beatu | C62: related | D62: nonword | E62: z | F62: 61 | G62: 61 | H62: 0 | I62: z | J62: 1 | K62: 0.904318 | L62: None | M62: 0 | N62: 61 | O62: 61 | P62: 61 | Q62: 76.0962 | AD62: 76.08589 | AE62: 76.0962 | AF62: 76.23685 | AG62: 76.2369 | AH62: 76.24352 | AI62: 76.27745 | AJ62: 76.28087 | AK62: 76.2875 | AL62: 76.2875 | AN62: 77.19532 | AO62: z | AP62: 1 | AQ62: 0.904318 | AR62: None | AS62: z | AT62: TRUE | AV62: 76.2875 | BH62: 2 | BI62: 1 | BJ62: 2025-11-17_09h58.11.264 | BK62: solo project | BM62: 2025.1.1 | BN62: 121.3335 | BO62: 2025-11-17 09h58.18.142547 +0530 | BQ62: 02_solo project_2025-11-17_09h58.11.264.csv
A63: rain | B63: cloudx | C63: related | D63: nonword | E63: z | F63: 62 | G63: 62 | H63: 0 | I63: z | J63: 1 | K63: 0.563227 | L63: None | M63: 0 | N63: 62 | O63: 62 | P63: 67 | Q63: 77.20542 | AD63: 77.19567 | AE63: 77.20542 | AF63: 77.34262 | AG63: 77.34266 | AH63: 77.3475 | AI63: 77.38372 | AJ63: 77.38741 | AK63: 77.40957 | AL63: 77.40957 | AN63: 77.97783 | AO63: z | AP63: 1 | AQ63: 0.563227 | AR63: None | AS63: z | AT63: TRUE | AU63: 77.3475 | AV63: 77.40957 | BH63: 2 | BI63: 1 | BJ63: 2025-11-17_09h58.11.264 | BK63: solo project | BM63: 2025.1.1 | BN63: 121.3335 | BO63: 2025-11-17 09h58.18.142547 +0530 | BQ63: 02_solo project_2025-11-17_09h58.11.264.csv
A64: road | B64: candle | C64: unrelated | D64: word | E64: m | F64: 63 | G64: 63 | H64: 0 | I64: m | J64: 1 | K64: 0.598687 | L64: None | M64: 0 | N64: 63 | O64: 63 | P64: 44 | Q64: 77.98523 | AD64: 77.97822 | AE64: 77.98523 | AF64: 78.12726 | AG64: 78.12734 | AH64: 78.13389 | AI64: 78.16711 | AJ64: 78.17073 | AK64: 78.19304 | AL64: 78.19304 | AN64: 78.79477 | AO64: m | AP64: 1 | AQ64: 0.598687 | AR64: None | AS64: m | AT64: TRUE | AU64: 78.13389 | AV64: 78.19304 | BH64: 2 | BI64: 1 | BJ64: 2025-11-17_09h58.11.264 | BK64: solo project | BM64: 2025.1.1 | BN64: 121.3335 | BO64: 2025-11-17 09h58.18.142547 +0530 | BQ64: 02_solo project_2025-11-17_09h58.11.264.csv
A65: mother | B65: child | C65: related | D65: word | E65: m | F65: 64 | G65: 64 | H65: 0 | I65: m | J65: 1 | K65: 0.714985 | L65: None | M65: 0 | N65: 64 | O65: 64 | P65: 5 | Q65: 78.80482 | AD65: 78.79512 | AE65: 78.80482 | AF65: 78.94399 | AG65: 78.94403 | AH65: 78.95027 | AI65: 78.98403 | AJ65: 78.98768 | AK65: 79.00981 | AL65: 79.00981 | AN65: 79.72912 | AO65: m | AP65: 1 | AQ65: 0.714985 | AR65: None | AS65: m | AT65: TRUE | AU65: 78.95027 | AV65: 79.00981 | BH65: 2 | BI65: 1 | BJ65: 2025-11-17_09h58.11.264 | BK65: solo project | BM65: 2025.1.1 | BN65: 121.3335 | BO65: 2025-11-17 09h58.18.142547 +0530 | BQ65: 02_solo project_2025-11-17_09h58.11.264.csv
A66: river | B66: water | C66: related | D66: word | E66: m | F66: 65 | G66: 65 | H66: 0 | I66: m | J66: 1 | K66: 0.653085 | L66: None | M66: 0 | N66: 65 | O66: 65 | P66: 9 | Q66: 79.73734 | AD66: 79.72962 | AE66: 79.73734 | AF66: 79.87721 | AG66: 79.87729 | AH66: 79.88381 | AI66: 79.9168 | AJ66: 79.92071 | AK66: 79.92767 | AL66: 79.92767 | AN66: 80.58594 | AO66: m | AP66: 1 | AQ66: 0.653085 | AR66: None | AS66: m | AT66: TRUE | AU66: 79.88381 | AV66: 79.92767 | BH66: 2 | BI66: 1 | BJ66: 2025-11-17_09h58.11.264 | BK66: solo project | BM66: 2025.1.1 | BN66: 121.3335 | BO66: 2025-11-17 09h58.18.142547 +0530 | BQ66: 02_solo project_2025-11-17_09h58.11.264.csv
A67: car | B67: engine | C67: related | D67: word | E67: m | F67: 66 | G67: 66 | H67: 0 | I67: m | J67: 1 | K67: 0.614119 | L67: None | M67: 0 | N67: 66 | O67: 66 | P67: 6 | Q67: 80.59431 | AD67: 80.5864 | AE67: 80.59431 | AF67: 80.73029 | AG67: 80.73034 | AH67: 80.74322 | AI67: 80.7769 | AJ67: 80.78016 | AK67: 80.78668 | AL67: 80.78668 | AN67: 81.4115 | AO67: m | AP67: 1 | AQ67: 0.614119 | AR67: None | AS67: m | AT67: TRUE | AU67: 80.74322 | AV67: 80.78668 | BH67: 2 | BI67: 1 | BJ67: 2025-11-17_09h58.11.264 | BK67: solo project | BM67: 2025.1.1 | BN67: 121.3335 | BO67: 2025-11-17 09h58.18.142547 +0530 | BQ67: 02_solo project_2025-11-17_09h58.11.264.csv
A68: car | B68: enginek | C68: related | D68: nonword | E68: z | F68: 67 | G68: 67 | H68: 0 | I68: z | J68: 1 | K68: 0.776626 | L68: None | M68: 0 | N68: 67 | O68: 67 | P68: 56 | Q68: 81.42183 | AD68: 81.41189 | AE68: 81.42183 | AF68: 81.56039 | AG68: 81.56045 | AH68: 81.56809 | AI68: 81.61044 | AJ68: 81.61441 | AK68: 81.62113 | AL68: 81.62113 | AN68: 82.4018 | AO68: z | AP68: 1 | AQ68: 0.776626 | AR68: None | AS68: z | AT68: TRUE | AU68: 81.56809 | AV68: 81.62113 | BH68: 2 | BI68: 1 | BJ68: 2025-11-17_09h58.11.264 | BK68: solo project | BM68: 2025.1.1 | BN68: 121.3335 | BO68: 2025-11-17 09h58.18.142547 +0530 | BQ68: 02_solo project_2025-11-17_09h58.11.264.csv
A69: king | B69: queenm | C69: related | D69: nonword | E69: z | F69: 68 | G69: 68 | H69: 0 | I69: z | J69: 1 | K69: 0.846004 | L69: None | M69: 0 | N69: 68 | O69: 68 | P69: 63 | Q69: 82.41283 | AD69: 82.40235 | AE69: 82.41283 | AF69: 82.55213 | AG69: 82.55218 | AH69: 82.55912 | AI69: 82.59409 | AJ69: 82.59816 | AK69: 82.60468 | AL69: 82.60468 | AN69: 83.46274 | AO69: z | AP69: 1 | AQ69: 0.846004 | AR69: None | AS69: z | AT69: TRUE | AV69: 82.60468 | BH69: 2 | BI69: 1 | BJ69: 2025-11-17_09h58.11.264 | BK69: solo project | BM69: 2025.1.1 | BN69: 121.3335 | BO69: 2025-11-17 09h58.18.142547 +0530 | BQ69: 02_solo project_2025-11-17_09h58.11.264.csv
A70: sun | B70: glassp | C70: unrelated | D70: nonword | E70: z | F70: 69 | G70: 69 | H70: 0 | I70: z | J70: 1 | K70: 0.816805 | L70: None | M70: 0 | N70: 69 | O70: 69 | P70: 77 | Q70: 83.47344 | AD70: 83.46329 | AE70: 83.47344 | AF70: 83.61031 | AG70: 83.61039 | AH70: 83.61701 | AI70: 83.65036 | AJ70: 83.65397 | AK70: 83.6609 | AL70: 83.6609 | AN70: 84.48553 | AO70: z | AP70: 1 | AQ70: 0.816805 | AR70: None | AS70: z | AT70: TRUE | AU70: 83.61701 | AV70: 83.6609 | BH70: 2 | BI70: 1 | BJ70: 2025-11-17_09h58.11.264 | BK70: solo project | BM70: 2025.1.1 | BN70: 121.3335 | BO70: 2025-11-17 09h58.18.142547 +0530 | BQ70: 02_solo project_2025-11-17_09h58.11.264.csv
A71: bird | B71: wingl | C71: related | D71: nonword | E71: z | F71: 70 | G71: 70 | H71: 0 | I71: z | J71: 1 | K71: 1.042176 | L71: None | M71: 0 | N71: 70 | O71: 70 | P71: 60 | Q71: 84.49615 | AD71: 84.48591 | AE71: 84.49615 | AF71: 84.63353 | AG71: 84.63358 | AH71: 84.64345 | AI71: 84.67721 | AJ71: 84.68087 | AK71: 84.68744 | AL71: 84.68744 | AN71: 85.73479 | AO71: z | AP71: 1 | AQ71: 1.042176 | AR71: None | AS71: z | AT71: TRUE | AU71: 84.64345 | AV71: 84.68744 | BH71: 2 | BI71: 1 | BJ71: 2025-11-17_09h58.11.264 | BK71: solo project | BM71: 2025.1.1 | BN71: 121.3335 | BO71: 2025-11-17 09h58.18.142547 +0530 | BQ71: 02_solo project_2025-11-17_09h58.11.264.csv
A72: salt | B72: camera | C72: unrelated | D72: word | E72: m | F72: 71 | G72: 71 | H72: 0 | I72: m | J72: 1 | K72: 0.846105 | L72: None | M72: 0 | N72: 71 | O72: 71 | P72: 47 | Q72: 85.74608 | AD72: 85.73519 | AE72: 85.74608 | AF72: 85.88451 | AG72: 85.88455 | AH72: 85.89322 | AI72: 85.92731 | AJ72: 85.93193 | AK72: 85.93855 | AL72: 85.93855 | AN72: 86.79458 | AO72: m | AP72: 1 | AQ72: 0.846105 | AR72: None | AS72: m | AT72: TRUE | AU72: 85.89322 | AV72: 85.93855 | BH72: 2 | BI72: 1 | BJ72: 2025-11-17_09h58.11.264 | BK72: solo project | BM72: 2025.1.1 | BN72: 121.3335 | BO72: 2025-11-17 09h58.18.142547 +0530 | BQ72: 02_solo project_2025-11-17_09h58.11.264.csv
A73: music | B73: platek | C73: unrelated | D73: nonword | E73: z | F73: 72 | G73: 72 | H73: 0 | I73: z | J73: 1 | K73: 0.841052 | L73: None | M73: 0 | N73: 72 | O73: 72 | P73: 87 | Q73: 86.80487 | AD73: 86.79499 | AE73: 86.80487 | AF73: 86.94369 | AG73: 86.94376 | AH73: 86.95026 | AI73: 86.98381 | AJ73: 86.98743 | AK73: 87.00951 | AL73: 87.00951 | AN73: 87.85273 | AO73: z | AP73: 1 | AQ73: 0.841052 | AR73: None | AS73: z | AT73: TRUE | AU73: 86.95026 | AV73: 87.00951 | BH73: 2 | BI73: 1 | BJ73: 2025-11-17_09h58.11.264 | BK73: solo project | BM73: 2025.1.1 | BN73: 121.3335 | BO73: 2025-11-17 09h58.18.142547 +0530 | BQ73: 02_solo project_2025-11-17_09h58.11.264.csv
A74: rain | B74: cloud | C74: related | D74: word | E74: m | F74: 73 | G74: 73 | H74: 0 | I74: m | J74: 1 | K74: 0.865145 | L74: None | M74: 0 | N74: 73 | O74: 73 | P74: 17 | Q74: 87.8605 | AD74: 87.85322 | AE74: 87.8605 | AF74: 87.99368 | AG74: 87.99375 | AH74: 87.99999 | AI74: 88.03369 | AJ74: 88.03722 | AK74: 88.05047 | AL74: 88.05047 | AN74: 88.91893 | AO74: m | AP74: 1 | AQ74: 0.865145 | AR74: None | AS74: m | AT74: TRUE | AU74: 87.99999 | AV74: 88.04345 | BH74: 2 | BI74: 1 | BJ74: 2025-11-17_09h58.11.264 | BK74: solo project | BM74: 2025.1.1 | BN74: 121.3335 | BO74: 2025-11-17 09h58.18.142547 +0530 | BQ74: 02_solo project_2025-11-17_09h58.11.264.csv
A75: flower | B75: bottlev | C75: unrelated | D75: nonword | E75: z | F75: 74 | G75: 74 | H75: 0 | I75: z | J75: 1 | K75: 0.741866 | L75: None | M75: 0 | N75: 74 | O75: 74 | P75: 99 | Q75: 88.92934 | AD75: 88.9194 | AE75: 88.92934 | AF75: 89.06772 | AG75: 89.06778 | AH75: 89.07635 | AI75: 89.11032 | AJ75: 89.11413 | AK75: 89.12067 | AL75: 89.12067 | AN75: 89.86893 | AO75: z | AP75: 1 | AQ75: 0.741866 | AR75: None | AS75: z | AT75: TRUE | AU75: 89.07635 | AV75: 89.12067 | BH75: 2 | BI75: 1 | BJ75: 2025-11-17_09h58.11.264 | BK75: solo project | BM75: 2025.1.1 | BN75: 121.3335 | BO75: 2025-11-17 09h58.18.142547 +0530 | BQ75: 02_solo project_2025-11-17_09h58.11.264.csv
A76: cat | B76: dog | C76: related | D76: word | E76: m | F76: 75 | G76: 75 | H76: 0 | I76: m | J76: 1 | K76: 1.068815 | L76: None | M76: 0 | N76: 75 | O76: 75 | P76: 1 | Q76: 89.87917 | AD76: 89.86933 | AE76: 89.87917 | AF76: 90.01703 | AG76: 90.01707 | AH76: 90.0266 | AI76: 90.06043 | AJ76: 90.06425 | AK76: 90.07575 | AL76: 90.07575 | AN76: 91.15257 | AO76: m | AP76: 1 | AQ76: 1.068815 | AR76: None | AS76: m | AT76: TRUE | AU76: 90.0266 | AV76: 90.07575 | BH76: 2 | BI76: 1 | BJ76: 2025-11-17_09h58.11.264 | BK76: solo project | BM76: 2025.1.1 | BN76: 121.3335 | BO76: 2025-11-17 09h58.18.142547 +0530 | BQ76: 02_solo project_2025-11-17_09h58.11.264.csv
A77: fire | B77: heatt | C77: related | D77: nonword | E77: z | F77: 76 | G77: 76 | H77: 0 | I77: z | J77: 1 | K77: 0.613183 | L77: None | M77: 0 | N77: 76 | O77: 76 | P77: 64 | Q77: 91.16254 | AD77: 91.15295 | AE77: 91.16254 | AF77: 91.30007 | AG77: 91.30013 | AH77: 91.31007 | AI77: 91.34405 | AJ77: 91.34772 | AK77: 91.35436 | AL77: 91.35436 | AN77: 91.97879 | AO77: z | AP77: 1 | AQ77: 0.613183 | AR77: None | AS77: z | AT77: TRUE | AU77: 91.31007 | AV77: 91.35436 | BH77: 2 | BI77: 1 | BJ77: 2025-11-17_09h58.11.264 | BK77: solo project | BM77: 2025.1.1 | BN77: 121.3335 | BO77: 2025-11-17 09h58.18.142547 +0530 | BQ77: 02_solo project_2025-11-17_09h58.11.264.csv
A78: phone | B78: forestt | C78: unrelated | D78: nonword | E78: z | F78: 78 | G78: 78 | H78: 0 | I78: z | J78: 1 | K78: 0.951201 | L78: None | M78: 0 | N78: 78 | O78: 78 | P78: 82 | Q78: 92.75588 | AD78: 92.74604 | AE78: 92.75588 | AF78: 92.89336 | AG78: 92.89343 | AH78: 92.90013 | AI78: 92.93346 | AJ78: 92.93723 | AK78: 92.94423 | AL78: 92.94423 | AN78: 93.90177 | AO78: z | AP78: 1 | AQ78: 0.951201 | AR78: None | AS78: z | AT78: TRUE | AU78: 92.90013 | AV78: 92.94423 | BH78: 2 | BI78: 1 | BJ78: 2025-11-17_09h58.11.264 | BK78: solo project | BM78: 2025.1.1 | BN78: 121.3335 | BO78: 2025-11-17 09h58.18.142547 +0530 | BQ78: 02_solo project_2025-11-17_09h58.11.264.csv
A79: shirt | B79: river | C79: unrelated | D79: word | E79: m | F79: 79 | G79: 79 | H79: 0 | I79: m | J79: 1 | K79: 0.698098 | L79: None | M79: 0 | N79: 79 | O79: 79 | P79: 41 | Q79: 93.91253 | AD79: 93.90217 | AE79: 93.91253 | AF79: 94.04982 | AG79: 94.04988 | AH79: 94.06032 | AI79: 94.09397 | AJ79: 94.09771 | AK79: 94.10436 | AL79: 94.10436 | AN79: 94.81169 | AO79: m | AP79: 1 | AQ79: 0.698098 | AR79: None | AS79: m | AT79: TRUE | AU79: 94.06032 | AV79: 94.10436 | BH79: 2 | BI79: 1 | BJ79: 2025-11-17_09h58.11.264 | BK79: solo project | BM79: 2025.1.1 | BN79: 121.3335 | BO79: 2025-11-17 09h58.18.142547 +0530 | BQ79: 02_solo project_2025-11-17_09h58.11.264.csv
A80: shirt | B80: clothp | C80: related | D80: nonword | E80: z | F80: 80 | G80: 80 | H80: 0 | I80: z | J80: 1 | K80: 0.691683 | L80: None | M80: 0 | N80: 80 | O80: 80 | P80: 66 | Q80: 94.82078 | AD80: 94.81194 | AE80: 94.82078 | AF80: 94.95345 | AG80: 94.9535 | AH80: 94.96017 | AI80: 94.99394 | AJ80: 94.99742 | AK80: 95.01074 | AL80: 95.01074 | AN80: 95.71288 | AO80: z | AP80: 1 | AQ80: 0.691683 | AR80: None | AS80: z | AT80: TRUE | AU80: 94.96017 | AV80: 95.00329 | BH80: 2 | BI80: 1 | BJ80: 2025-11-17_09h58.11.264 | BK80: solo project | BM80: 2025.1.1 | BN80: 121.3335 | BO80: 2025-11-17 09h58.18.142547 +0530 | BQ80: 02_solo project_2025-11-17_09h58.11.264.csv
A81: rain | B81: enginez | C81: unrelated | D81: nonword | E81: z | F81: 81 | G81: 81 | H81: 0 | I81: z | J81: 1 | K81: 0.557381 | L81: None | M81: 0 | N81: 81 | O81: 81 | P81: 92 | Q81: 95.72478 | AD81: 95.71328 | AE81: 95.72478 | AF81: 95.8605 | AG81: 95.86059 | AH81: 95.86743 | AI81: 95.91092 | AJ81: 95.91491 | AK81: 95.92206 | AL81: 95.92206 | AN81: 96.48545 | AO81: z | AP81: 1 | AQ81: 0.557381 | AR81: None | AS81: z | AT81: TRUE | AU81: 95.86743 | AV81: 95.92206 | BH81: 2 | BI81: 1 | BJ81: 2025-11-17_09h58.11.264 | BK81: solo project | BM81: 2025.1.1 | BN81: 121.3335 | BO81: 2025-11-17 09h58.18.142547 +0530 | BQ81: 02_solo project_2025-11-17_09h58.11.264.csv
... A94: bird | B94: cup | C94: unrelated | D94: word | E94: m | F94: 98 | G94: 98 | H94: 0 | I94: m | J94: 1 | K94: 0.791699 | L94: None | M94: 0 | N94: 98 | O94: 98 | P94: 35 | Q94: 110.4445 | AD94: 110.4362 | AE94: 110.4445 | AF94: 110.5773 | AG94: 110.5774 | AH94: 110.584 | AI94: 110.617 | AJ94: 110.6203 | AK94: 110.6379 | AL94: 110.6379 | AN94: 111.4355 | AO94: m | AP94: 1 | AQ94: 0.791699 | AR94: None | AS94: m | AT94: TRUE | AU94: 110.584 | AV94: 110.6267 | BH94: 2 | BI94: 1 | BJ94: 2025-11-17_09h58.11.264 | BK94: solo project | BM94: 2025.1.1 | BN94: 121.3335 | BO94: 2025-11-17 09h58.18.142547 +0530 | BQ94: 02_solo project_2025-11-17_09h58.11.264.csv
A95: music | B95: songy | C95: related | D95: nonword | E95: z | F95: 99 | G95: 99 | H95: 0 | I95: z | J95: 1 | K95: 0.576488 | L95: None | M95: 0 | N95: 99 | O95: 99 | P95: 62 | Q95: 111.4462 | AD95: 111.4359 | AE95: 111.4462 | AF95: 111.5867 | AG95: 111.5867 | AH95: 111.5933 | AI95: 111.6271 | AJ95: 111.6309 | AK95: 111.6375 | AL95: 111.6375 | AN95: 112.2185 | AO95: z | AP95: 1 | AQ95: 0.576488 | AR95: None | AS95: z | AT95: TRUE | AV95: 111.6375 | BH95: 2 | BI95: 1 | BJ95: 2025-11-17_09h58.11.264 | BK95: solo project | BM95: 2025.1.1 | BN95: 121.3335 | BO95: 2025-11-17 09h58.18.142547 +0530 | BQ95: 02_solo project_2025-11-17_09h58.11.264.csv

Sheet P3
A1: prime | B1: target | C1: relation | D1: target_type | E1: correct_key | F1: thisN | G1: thisTrialN | H1: thisRepN | I1: key_resp.keys | J1: key_resp.corr | K1: key_resp.rt | L1: key_resp.duration | M1: trials.thisRepN | N1: trials.thisTrialN | O1: trials.thisN | P1: trials.thisIndex | Q1: thisRow.t | R1: notes | S1: trial.started | T1: instr_text.started | U1: instr_key.started | V1: trial.stopped | W1: instr_key.keys | X1: instr_key.rt | Y1: instr_key.duration | Z1: fixation.started | AA1: fixation1.started | AB1: fixation1.stopped | AC1: fixation.stopped | AD1: prime.started | AE1: prime_text.started | AF1: prime.stopped | AG1: gap.started | AH1: gap1.started | AI1: gap.stopped | AJ1: target_response.started | AK1: target_text.started | AL1: key_resp.started | AM1: target_text.stopped | AN1: target_response.stopped | AO1: trials.key_resp.keys | AP1: trials.key_resp.corr | AQ1: trials.key_resp.rt | AR1: trials.key_resp.duration | AS1: response | AT1: correct | AU1: prime_text.stopped | AV1: gap1.stopped | AW1: iti.started | AX1: text.started | AY1: text.stopped | AZ1: iti.stopped | BA1: end.started | BB1: end_text.started | BC1: end_key.started | BD1: end.stopped | BE1: end_key.keys | BF1: end_key.rt | BG1: end_key.duration | BH1: participant | BI1: session | BJ1: date | BK1: expName | BL1: expVersion | BM1: psychopyVersion | BN1: frameRate | BO1: expStart | BP1: Unnamed: 67 | BQ1: participant_file | BR1: Unnamed: 65 | BS1: Unnamed: 66 | BT1: Unnamed: 56
A2: mother | B2: childo | C2: related | D2: nonword | E2: z | F2: 0 | G2: 0 | H2: 0 | I2: z | J2: 1 | K2: 1.479048 | L2: None | M2: 0 | N2: 0 | O2: 0 | P2: 55 | Q2: 14.35265 | AD2: 14.34662 | AE2: 14.35265 | AF2: 14.48063 | AG2: 14.48074 | AH2: 14.48884 | AI2: 14.53103 | AJ2: 14.53513 | AK2: 14.54273 | AL2: 14.54273 | AM2: 16.04332 | AN2: 16.03276 | AO2: z | AP2: 1 | AQ2: 1.479048 | AR2: None | AS2: z | AT2: TRUE | BH2: 3 | BI2: 1 | BJ2: 2025-11-17_10h06.58.143 | BK2: solo project | BM2: 2025.1.1 | BN2: 120.0969 | BO2: 2025-11-17 10h07.04.593858 +0530 | BQ2: 03_solo project_2025-11-17_10h06.58.143.csv
A3: phone | B3: forest | C3: unrelated | D3: word | E3: m | F3: 1 | G3: 1 | H3: 0 | I3: m | J3: 1 | K3: 1.026954 | L3: None | M3: 0 | N3: 1 | O3: 1 | P3: 32 | Q3: 16.04332 | AD3: 16.03319 | AE3: 16.04332 | AF3: 16.18038 | AG3: 16.18043 | AH3: 16.18685 | AI3: 16.2208 | AJ3: 16.22459 | AK3: 16.24676 | AL3: 16.24676 | AN3: 17.28278 | AO3: m | AP3: 1 | AQ3: 1.026954 | AR3: None | AS3: m | AT3: TRUE | AU3: 16.18685 | AV3: 16.24676 | BH3: 3 | BI3: 1 | BJ3: 2025-11-17_10h06.58.143 | BK3: solo project | BM3: 2025.1.1 | BN3: 120.0969 | BO3: 2025-11-17 10h07.04.593858 +0530 | BQ3: 03_solo project_2025-11-17_10h06.58.143.csv
A4: sun | B4: glassp | C4: unrelated | D4: nonword | E4: z | F4: 2 | G4: 2 | H4: 0 | I4: z | J4: 1 | K4: 1.142094 | L4: None | M4: 0 | N4: 2 | O4: 2 | P4: 77 | Q4: 17.29289 | AD4: 17.28318 | AE4: 17.29289 | AF4: 17.43227 | AG4: 17.43234 | AH4: 17.44014 | AI4: 17.48098 | AJ4: 17.48502 | AK4: 17.49162 | AL4: 17.49162 | AN4: 18.63893 | AO4: z | AP4: 1 | AQ4: 1.142094 | AR4: None | AS4: z | AT4: TRUE | AU4: 17.44014 | AV4: 17.49162 | BH4: 3 | BI4: 1 | BJ4: 2025-11-17_10h06.58.143 | BK4: solo project | BM4: 2025.1.1 | BN4: 120.0969 | BO4: 2025-11-17 10h07.04.593858 +0530 | BQ4: 03_solo project_2025-11-17_10h06.58.143.csv
A5: road | B5: candley | C5: unrelated | D5: nonword | E5: z | F5: 3 | G5: 3 | H5: 0 | I5: z | J5: 1 | K5: 1.28427 | L5: None | M5: 0 | N5: 3 | O5: 3 | P5: 94 | Q5: 18.64957 | AD5: 18.63939 | AE5: 18.64957 | AF5: 18.788 | AG5: 18.78805 | AH5: 18.79714 | AI5: 18.83099 | AJ5: 18.83573 | AK5: 18.84238 | AL5: 18.84238 | AN5: 20.13165 | AO5: z | AP5: 1 | AQ5: 1.28427 | AR5: None | AS5: z | AT5: TRUE | AU5: 18.79714 | AV5: 18.84238 | BH5: 3 | BI5: 1 | BJ5: 2025-11-17_10h06.58.143 | BK5: solo project | BM5: 2025.1.1 | BN5: 120.0969 | BO5: 2025-11-17 10h07.04.593858 +0530 | BQ5: 03_solo project_2025-11-17_10h06.58.143.csv
A6: rain | B6: cloud | C6: related | D6: word | E6: m | F6: 4 | G6: 4 | H6: 0 | I6: m | J6: 1 | K6: 0.77732 | L6: None | M6: 0 | N6: 4 | O6: 4 | P6: 17 | Q6: 20.14804 | AD6: 20.13205 | AE6: 20.14804 | AF6: 20.28253 | AG6: 20.28259 | AH6: 20.29009 | AI6: 20.33104 | AJ6: 20.33474 | AK6: 20.3413 | AL6: 20.3413 | AN6: 21.12206 | AO6: m | AP6: 1 | AQ6: 0.77732 | AR6: None | AS6: m | AT6: TRUE | AU6: 20.29009 | AV6: 20.3413 | BH6: 3 | BI6: 1 | BJ6: 2025-11-17_10h06.58.143 | BK6: solo project | BM6: 2025.1.1 | BN6: 120.0969 | BO6: 2025-11-17 10h07.04.593858 +0530 | BQ6: 03_solo project_2025-11-17_10h06.58.143.csv
A7: ball | B7: mirrord | C7: unrelated | D7: nonword | E7: z | F7: 5 | G7: 5 | H7: 0 | I7: z | J7: 1 | K7: 1.427874 | L7: None | M7: 0 | N7: 5 | O7: 5 | P7: 98 | Q7: 21.13322 | AD7: 21.12252 | AE7: 21.13322 | AF7: 21.27375 | AG7: 21.27381 | AH7: 21.28044 | AI7: 21.31433 | AJ7: 21.3181 | AK7: 21.32476 | AL7: 21.32476 | AN7: 22.75585 | AO7: z | AP7: 1 | AQ7: 1.427874 | AR7: None | AS7: z | AT7: TRUE | AV7: 21.32476 | BH7: 3 | BI7: 1 | BJ7: 2025-11-17_10h06.58.143 | BK7: solo project | BM7: 2025.1.1 | BN7: 120.0969 | BO7: 2025-11-17 10h07.04.593858 +0530 | BQ7: 03_solo project_2025-11-17_10h06.58.143.csv
A8: tree | B8: speakert | C8: unrelated | D8: nonword | E8: z | F8: 6 | G8: 6 | H8: 0 | I8: z | J8: 1 | K8: 1.345431 | L8: None | M8: 0 | N8: 6 | O8: 6 | P8: 95 | Q8: 22.76643 | AD8: 22.75625 | AE8: 22.76643 | AF8: 22.90418 | AG8: 22.90423 | AH8: 22.91396 | AI8: 22.94775 | AJ8: 22.95253 | AK8: 22.95911 | AL8: 22.95911 | AN8: 24.31441 | AO8: z | AP8: 1 | AQ8: 1.345431 | AR8: None | AS8: z | AT8: TRUE | AU8: 22.91396 | AV8: 22.95911 | BH8: 3 | BI8: 1 | BJ8: 2025-11-17_10h06.58.143 | BK8: solo project | BM8: 2025.1.1 | BN8: 120.0969 | BO8: 2025-11-17 10h07.04.593858 +0530 | BQ8: 03_solo project_2025-11-17_10h06.58.143.csv
A9: rain | B9: enginez | C9: unrelated | D9: nonword | E9: z | F9: 7 | G9: 7 | H9: 0 | I9: z | J9: 1 | K9: 0.950609 | L9: None | M9: 0 | N9: 7 | O9: 7 | P9: 92 | Q9: 24.32537 | AD9: 24.31499 | AE9: 24.32537 | AF9: 24.46413 | AG9: 24.46422 | AH9: 24.47075 | AI9: 24.50422 | AJ9: 24.50759 | AK9: 24.52994 | AL9: 24.52994 | AN9: 25.48914 | AO9: z | AP9: 1 | AQ9: 0.950609 | AR9: None | AS9: z | AT9: TRUE | AU9: 24.47075 | AV9: 24.52994 | BH9: 3 | BI9: 1 | BJ9: 2025-11-17_10h06.58.143 | BK9: solo project | BM9: 2025.1.1 | BN9: 120.0969 | BO9: 2025-11-17 10h07.04.593858 +0530 | BQ9: 03_solo project_2025-11-17_10h06.58.143.csv
A10: road | B10: candle | C10: unrelated | D10: word | E10: m | F10: 8 | G10: 8 | H10: 0 | I10: m | J10: 1 | K10: 0.798044 | L10: None | M10: 0 | N10: 8 | O10: 8 | P10: 44 | Q10: 25.49957 | AD10: 25.48959 | AE10: 25.49957 | AF10: 25.6392 | AG10: 25.63926 | AH10: 25.64735 | AI10: 25.68117 | AJ10: 25.68594 | AK10: 25.69253 | AL10: 25.69253 | AN10: 26.49939 | AO10: m | AP10: 1 | AQ10: 0.798044 | AR10: None | AS10: m | AT10: TRUE | AU10: 25.64735 | AV10: 25.69253 | BH10: 3 | BI10: 1 | BJ10: 2025-11-17_10h06.58.143 | BK10: solo project | BM10: 2025.1.1 | BN10: 120.0969 | BO10: 2025-11-17 10h07.04.593858 +0530 | BQ10: 03_solo project_2025-11-17_10h06.58.143.csv
A11: book | B11: hammerr | C11: unrelated | D11: nonword | E11: z | F11: 9 | G11: 9 | H11: 0 | I11: z | J11: 1 | K11: 1.038466 | L11: None | M11: 0 | N11: 9 | O11: 9 | P11: 83 | Q11: 26.50991 | AD11: 26.49987 | AE11: 26.50991 | AF11: 26.64648 | AG11: 26.64655 | AH11: 26.65327 | AI11: 26.68749 | AJ11: 26.69124 | AK11: 26.71336 | AL11: 26.71336 | AN11: 27.75599 | AO11: z | AP11: 1 | AQ11: 1.038466 | AR11: None | AS11: z | AT11: TRUE | AU11: 26.65327 | AV11: 26.71336 | BH11: 3 | BI11: 1 | BJ11: 2025-11-17_10h06.58.143 | BK11: solo project | BM11: 2025.1.1 | BN11: 120.0969 | BO11: 2025-11-17 10h07.04.593858 +0530 | BQ11: 03_solo project_2025-11-17_10h06.58.143.csv
A12: car | B12: engine | C12: related | D12: word | E12: m | F12: 10 | G12: 10 | H12: 0 | I12: m | J12: 1 | K12: 0.788166 | L12: None | M12: 0 | N12: 10 | O12: 10 | P12: 6 | Q12: 27.76618 | AD12: 27.75648 | AE12: 27.76618 | AF12: 27.9044 | AG12: 27.90446 | AH12: 27.91403 | AI12: 27.94759 | AJ12: 27.95169 | AK12: 27.9583 | AL12: 27.9583 | AN12: 28.74882 | AO12: m | AP12: 1 | AQ12: 0.788166 | AR12: None | AS12: m | AT12: TRUE | AU12: 27.91403 | AV12: 27.9583 | BH12: 3 | BI12: 1 | BJ12: 2025-11-17_10h06.58.143 | BK12: solo project | BM12: 2025.1.1 | BN12: 120.0969 | BO12: 2025-11-17 10h07.04.593858 +0530 | BQ12: 03_solo project_2025-11-17_10h06.58.143.csv
A13: shoe | B13: keyboard | C13: unrelated | D13: word | E13: m | F13: 11 | G13: 11 | H13: 0 | I13: m | J13: 1 | K13: 0.653184 | L13: None | M13: 0 | N13: 11 | O13: 11 | P13: 46 | Q13: 28.75883 | AD13: 28.74918 | AE13: 28.75883 | AF13: 28.89716 | AG13: 28.89724 | AH13: 28.90394 | AI13: 28.93731 | AJ13: 28.94109 | AK13: 28.96326 | AL13: 28.96326 | AN13: 29.62234 | AO13: m | AP13: 1 | AQ13: 0.653184 | AR13: None | AS13: m | AT13: TRUE | AU13: 28.90394 | AV13: 28.96326 | BH13: 3 | BI13: 1 | BJ13: 2025-11-17_10h06.58.143 | BK13: solo project | BM13: 2025.1.1 | BN13: 120.0969 | BO13: 2025-11-17 10h07.04.593858 +0530 | BQ13: 03_solo project_2025-11-17_10h06.58.143.csv
A14: flower | B14: bottle | C14: unrelated | D14: word | E14: m | F14: 12 | G14: 12 | H14: 0 | I14: m | J14: 1 | K14: 0.861513 | L14: None | M14: 0 | N14: 12 | O14: 12 | P14: 49 | Q14: 29.63289 | AD14: 29.62279 | AE14: 29.63289 | AF14: 29.77058 | AG14: 29.77064 | AH14: 29.78066 | AI14: 29.81397 | AJ14: 29.8183 | AK14: 29.8249 | AL14: 29.8249 | AN14: 30.6894 | AO14: m | AP14: 1 | AQ14: 0.861513 | AR14: None | AS14: m | AT14: TRUE | AU14: 29.78066 | AV14: 29.8249 | BH14: 3 | BI14: 1 | BJ14: 2025-11-17_10h06.58.143 | BK14: solo project | BM14: 2025.1.1 | BN14: 120.0969 | BO14: 2025-11-17 10h07.04.593858 +0530 | BQ14: 03_solo project_2025-11-17_10h06.58.143.csv
A15: bird | B15: cupq | C15: unrelated | D15: nonword | E15: z | F15: 13 | G15: 13 | H15: 0 | I15: z | J15: 1 | K15: 0.514426 | L15: None | M15: 0 | N15: 13 | O15: 13 | P15: 85 | Q15: 30.6999 | AD15: 30.6899 | AE15: 30.6999 | AF15: 30.83744 | AG15: 30.83749 | AH15: 30.84711 | AI15: 30.88089 | AJ15: 30.88524 | AK15: 30.89203 | AL15: 30.89203 | AN15: 31.41565 | AO15: z | AP15: 1 | AQ15: 0.514426 | AR15: None | AS15: z | AT15: TRUE | AU15: 30.84711 | AV15: 30.89203 | BH15: 3 | BI15: 1 | BJ15: 2025-11-17_10h06.58.143 | BK15: solo project | BM15: 2025.1.1 | BN15: 120.0969 | BO15: 2025-11-17 10h07.04.593858 +0530 | BQ15: 03_solo project_2025-11-17_10h06.58.143.csv
A16: heart | B16: mountainp | C16: unrelated | D16: nonword | E16: z | F16: 14 | G16: 14 | H16: 0 | I16: z | J16: 1 | K16: 0.89161 | L16: None | M16: 0 | N16: 14 | O16: 14 | P16: 86 | Q16: 31.42617 | AD16: 31.4162 | AE16: 31.42617 | AF16: 31.56464 | AG16: 31.56471 | AH16: 31.57113 | AI16: 31.6043 | AJ16: 31.60888 | AK16: 31.61575 | AL16: 31.61575 | AN16: 32.51538 | AO16: z | AP16: 1 | AQ16: 0.89161 | AR16: None | AS16: z | AT16: TRUE | AU16: 31.57113 | AV16: 31.61575 | BH16: 3 | BI16: 1 | BJ16: 2025-11-17_10h06.58.143 | BK16: solo project | BM16: 2025.1.1 | BN16: 120.0969 | BO16: 2025-11-17 10h07.04.593858 +0530 | BQ16: 03_solo project_2025-11-17_10h06.58.143.csv
A17: doctor | B17: nurse | C17: related | D17: word | E17: m | F17: 15 | G17: 15 | H17: 0 | I17: m | J17: 1 | K17: 0.730981 | L17: None | M17: 0 | N17: 15 | O17: 15 | P17: 0 | Q17: 32.52359 | AD17: 32.51567 | AE17: 32.52359 | AF17: 32.6659 | AG17: 32.66596 | AH17: 32.67325 | AI17: 32.71412 | AJ17: 32.71813 | AK17: 32.72433 | AL17: 32.72433 | AN17: 33.46561 | AO17: m | AP17: 1 | AQ17: 0.730981 | AR17: None | AS17: m | AT17: TRUE | AU17: 32.67325 | AV17: 32.72433 | BH17: 3 | BI17: 1 | BJ17: 2025-11-17_10h06.58.143 | BK17: solo project | BM17: 2025.1.1 | BN17: 120.0969 | BO17: 2025-11-17 10h07.04.593858 +0530 | BQ17: 03_solo project_2025-11-17_10h06.58.143.csv
A18: cat | B18: pencil | C18: unrelated | D18: word | E18: m | F18: 16 | G18: 16 | H18: 0 | I18: m | J18: 1 | K18: 0.869353 | L18: None | M18: 0 | N18: 16 | O18: 16 | P18: 26 | Q18: 33.47585 | AD18: 33.466 | AE18: 33.47585 | AF18: 33.61427 | AG18: 33.61436 | AH18: 33.62095 | AI18: 33.65408 | AJ18: 33.65768 | AK18: 33.67991 | AL18: 33.67991 | AN18: 34.55595 | AO18: m | AP18: 1 | AQ18: 0.869353 | AR18: None | AS18: m | AT18: TRUE | AU18: 33.62095 | AV18: 33.67991 | BH18: 3 | BI18: 1 | BJ18: 2025-11-17_10h06.58.143 | BK18: solo project | BM18: 2025.1.1 | BN18: 120.0969 | BO18: 2025-11-17 10h07.04.593858 +0530 | BQ18: 03_solo project_2025-11-17_10h06.58.143.csv
A19: river | B19: waterr | C19: related | D19: nonword | E19: z | F19: 17 | G19: 17 | H19: 0 | I19: z | J19: 1 | K19: 0.555422 | L19: None | M19: 0 | N19: 17 | O19: 17 | P19: 59 | Q19: 34.56654 | AD19: 34.55639 | AE19: 34.56654 | AF19: 34.70417 | AG19: 34.70423 | AH19: 34.71376 | AI19: 34.7474 | AJ19: 34.75085 | AK19: 34.7576 | AL19: 34.7576 | AN19: 35.31617 | AO19: z | AP19: 1 | AQ19: 0.555422 | AR19: None | AS19: z | AT19: TRUE | AU19: 34.71376 | AV19: 34.7576 | BH19: 3 | BI19: 1 | BJ19: 2025-11-17_10h06.58.143 | BK19: solo project | BM19: 2025.1.1 | BN19: 120.0969 | BO19: 2025-11-17 10h07.04.593858 +0530 | BQ19: 03_solo project_2025-11-17_10h06.58.143.csv
... A21: book | B21: pageq | C21: related | D21: nonword | E21: z | F21: 19 | G21: 19 | H21: 0 | I21: z | J21: 1 | K21: 0.714895 | L21: None | M21: 0 | N21: 19 | O21: 19 | P21: 58 | Q21: 36.23285 | AD21: 36.22323 | AE21: 36.23285 | AF21: 36.37129 | AG21: 36.37135 | AH21: 36.38025 | AI21: 36.41402 | AJ21: 36.41785 | AK21: 36.42446 | AL21: 36.42446 | AN21: 37.14939 | AO21: z | AP21: 1 | AQ21: 0.714895 | AR21: None | AS21: z | AT21: TRUE | AU21: 36.38025 | AV21: 36.42446 | BH21: 3 | BI21: 1 | BJ21: 2025-11-17_10h06.58.143 | BK21: solo project | BM21: 2025.1.1 | BN21: 120.0969 | BO21: 2025-11-17 10h07.04.593858 +0530 | BQ21: 03_solo project_2025-11-17_10h06.58.143.csv
A22: bread | B22: butter | C22: related | D22: word | E22: m | F22: 20 | G22: 20 | H22: 0 | I22: m | J22: 1 | K22: 1.510331 | L22: None | M22: 0 | N22: 20 | O22: 20 | P22: 3 | Q22: 37.15946 | AD22: 37.14979 | AE22: 37.15946 | AF22: 37.29888 | AG22: 37.29896 | AH22: 37.3065 | AI22: 37.34737 | AJ22: 37.35125 | AK22: 37.35791 | AL22: 37.35791 | AM22: 38.85409 | AN22: 38.87197 | AO22: m | AP22: 1 | AQ22: 1.510331 | AR22: None | AS22: m | AT22: TRUE | AU22: 37.3065 | AV22: 37.35791 | BH22: 3 | BI22: 1 | BJ22: 2025-11-17_10h06.58.143 | BK22: solo project | BM22: 2025.1.1 | BN22: 120.0969 | BO22: 2025-11-17 10h07.04.593858 +0530 | BQ22: 03_solo project_2025-11-17_10h06.58.143.csv
A23: heart | B23: mountain | C23: unrelated | D23: word | E23: m | F23: 21 | G23: 21 | H23: 0 | I23: m | J23: 1 | K23: 1.187016 | L23: None | M23: 0 | N23: 21 | O23: 21 | P23: 36 | Q23: 38.88106 | AD23: 38.87249 | AE23: 38.88106 | AF23: 39.02073 | AG23: 39.02081 | AH23: 39.03035 | AI23: 39.0642 | AJ23: 39.06733 | AK23: 39.07421 | AL23: 39.07421 | AN23: 40.2658 | AO23: m | AP23: 1 | AQ23: 1.187016 | AR23: None | AS23: m | AT23: TRUE | AU23: 39.03035 | AV23: 39.07421 | BH23: 3 | BI23: 1 | BJ23: 2025-11-17_10h06.58.143 | BK23: solo project | BM23: 2025.1.1 | BN23: 120.0969 | BO23: 2025-11-17 10h07.04.593858 +0530 | BQ23: 03_solo project_2025-11-17_10h06.58.143.csv
A24: ball | B24: gameu | C24: related | D24: nonword | E24: z | F24: 22 | G24: 22 | H24: 0 | I24: z | J24: 1 | K24: 1.080655 | L24: None | M24: 0 | N24: 22 | O24: 22 | P24: 73 | Q24: 40.27655 | AD24: 40.26629 | AE24: 40.27655 | AF24: 40.41447 | AG24: 40.41455 | AH24: 40.42131 | AI24: 40.46428 | AJ24: 40.46786 | AK24: 40.4745 | AL24: 40.4745 | AN24: 41.56602 | AO24: z | AP24: 1 | AQ24: 1.080655 | AR24: None | AS24: z | AT24: TRUE | AU24: 40.42131 | AV24: 40.4745 | BH24: 3 | BI24: 1 | BJ24: 2025-11-17_10h06.58.143 | BK24: solo project | BM24: 2025.1.1 | BN24: 120.0969 | BO24: 2025-11-17 10h07.04.593858 +0530 | BQ24: 03_solo project_2025-11-17_10h06.58.143.csv
A25: doctor | B25: tabler | C25: unrelated | D25: nonword | E25: z | F25: 23 | G25: 23 | H25: 0 | I25: z | J25: 1 | K25: 1.056918 | L25: None | M25: 0 | N25: 23 | O25: 23 | P25: 75 | Q25: 41.57656 | AD25: 41.56647 | AE25: 41.57656 | AF25: 41.71431 | AG25: 41.71439 | AH25: 41.72102 | AI25: 41.75398 | AJ25: 41.76011 | AK25: 41.7663 | AL25: 41.7663 | AN25: 42.83202 | AO25: z | AP25: 1 | AQ25: 1.056918 | AR25: None | AS25: z | AT25: TRUE | AU25: 41.72102 | AV25: 41.7663 | BH25: 3 | BI25: 1 | BJ25: 2025-11-17_10h06.58.143 | BK25: solo project | BM25: 2025.1.1 | BN25: 120.0969 | BO25: 2025-11-17 10h07.04.593858 +0530 | BQ25: 03_solo project_2025-11-17_10h06.58.143.csv
A26: shirt | B26: river | C26: unrelated | D26: word | E26: m | F26: 24 | G26: 24 | H26: 0 | I26: m | J26: 1 | K26: 0.680498 | L26: None | M26: 0 | N26: 24 | O26: 24 | P26: 41 | Q26: 42.84086 | AD26: 42.83243 | AE26: 42.84086 | AF26: 42.9809 | AG26: 42.98098 | AH26: 42.98741 | AI26: 43.02083 | AJ26: 43.0267 | AK26: 43.03269 | AL26: 43.03269 | AN26: 43.71619 | AO26: m | AP26: 1 | AQ26: 0.680498 | AR26: None | AS26: m | AT26: TRUE | AU26: 42.98741 | AV26: 43.03269 | BH26: 3 | BI26: 1 | BJ26: 2025-11-17_10h06.58.143 | BK26: solo project | BM26: 2025.1.1 | BN26: 120.0969 | BO26: 2025-11-17 10h07.04.593858 +0530 | BQ26: 03_solo project_2025-11-17_10h06.58.143.csv
A27: shirt | B27: riverl | C27: unrelated | D27: nonword | E27: z | F27: 25 | G27: 25 | H27: 0 | I27: z | J27: 1 | K27: 0.857942 | L27: None | M27: 0 | N27: 25 | O27: 25 | P27: 91 | Q27: 43.72653 | AD27: 43.71663 | AE27: 43.72653 | AF27: 43.86429 | AG27: 43.86434 | AH27: 43.87073 | AI27: 43.90356 | AJ27: 43.9071 | AK27: 43.91419 | AL27: 43.91419 | AN27: 44.7821 | AO27: z | AP27: 1 | AQ27: 0.857942 | AR27: None | AS27: z | AT27: TRUE | AU27: 43.87073 | AV27: 43.91419 | BH27: 3 | BI27: 1 | BJ27: 2025-11-17_10h06.58.143 | BK27: solo project | BM27: 2025.1.1 | BN27: 120.0969 | BO27: 2025-11-17 10h07.04.593858 +0530 | BQ27: 03_solo project_2025-11-17_10h06.58.143.csv
A28: music | B28: songy | C28: related | D28: nonword | E28: z | F28: 26 | G28: 26 | H28: 0 | I28: z | J28: 1 | K28: 1.092501 | L28: None | M28: 0 | N28: 26 | O28: 26 | P28: 62 | Q28: 44.79208 | AD28: 44.78246 | AE28: 44.79208 | AF28: 44.93049 | AG28: 44.93056 | AH28: 44.93733 | AI28: 44.97053 | AJ28: 44.97427 | AK28: 44.99653 | AL28: 44.99653 | AN28: 46.09856 | AO28: z | AP28: 1 | AQ28: 1.092501 | AR28: None | AS28: z | AT28: TRUE | AU28: 44.93733 | AV28: 44.99653 | BH28: 3 | BI28: 1 | BJ28: 2025-11-17_10h06.58.143 | BK28: solo project | BM28: 2025.1.1 | BN28: 120.0969 | BO28: 2025-11-17 10h07.04.593858 +0530 | BQ28: 03_solo project_2025-11-17_10h06.58.143.csv
A29: phone | B29: callz | C29: related | D29: nonword | E29: z | F29: 27 | G29: 27 | H29: 0 | I29: z | J29: 1 | K29: 0.811043 | L29: None | M29: 0 | N29: 27 | O29: 27 | P29: 57 | Q29: 46.10873 | AD29: 46.09891 | AE29: 46.10873 | AF29: 46.24927 | AG29: 46.24934 | AH29: 46.25691 | AI29: 46.29707 | AJ29: 46.30134 | AK29: 46.30802 | AL29: 46.30802 | AN29: 47.12224 | AO29: z | AP29: 1 | AQ29: 0.811043 | AR29: None | AS29: z | AT29: TRUE | AU29: 46.25691 | AV29: 46.30802 | BH29: 3 | BI29: 1 | BJ29: 2025-11-17_10h06.58.143 | BK29: solo project | BM29: 2025.1.1 | BN29: 120.0969 | BO29: 2025-11-17 10h07.04.593858 +0530 | BQ29: 03_solo project_2025-11-17_10h06.58.143.csv
A30: tree | B30: speaker | C30: unrelated | D30: word | E30: m | F30: 28 | G30: 28 | H30: 0 | I30: m | J30: 1 | K30: 0.792157 | L30: None | M30: 0 | N30: 28 | O30: 28 | P30: 45 | Q30: 47.1328 | AD30: 47.12259 | AE30: 47.1328 | AF30: 47.27138 | AG30: 47.27144 | AH30: 47.27983 | AI30: 47.31388 | AJ30: 47.31839 | AK30: 47.32487 | AL30: 47.32487 | AN30: 48.1224 | AO30: m | AP30: 1 | AQ30: 0.792157 | AR30: None | AS30: m | AT30: TRUE | AU30: 47.27983 | AV30: 47.32487 | BH30: 3 | BI30: 1 | BJ30: 2025-11-17_10h06.58.143 | BK30: solo project | BM30: 2025.1.1 | BN30: 120.0969 | BO30: 2025-11-17 10h07.04.593858 +0530 | BQ30: 03_solo project_2025-11-17_10h06.58.143.csv
A31: teacher | B31: student | C31: related | D31: word | E31: m | F31: 29 | G31: 29 | H31: 0 | I31: m | J31: 1 | K31: 0.64812 | L31: None | M31: 0 | N31: 29 | O31: 29 | P31: 4 | Q31: 48.13297 | AD31: 48.12285 | AE31: 48.13297 | AF31: 48.27013 | AG31: 48.27018 | AH31: 48.28014 | AI31: 48.31436 | AJ31: 48.31844 | AK31: 48.32496 | AL31: 48.32496 | AN31: 48.98259 | AO31: m | AP31: 1 | AQ31: 0.64812 | AR31: None | AS31: m | AT31: TRUE | AU31: 48.28014 | AV31: 48.32496 | BH31: 3 | BI31: 1 | BJ31: 2025-11-17_10h06.58.143 | BK31: solo project | BM31: 2025.1.1 | BN31: 120.0969 | BO31: 2025-11-17 10h07.04.593858 +0530 | BQ31: 03_solo project_2025-11-17_10h06.58.143.csv
A32: mother | B32: bottle | C32: unrelated | D32: word | E32: m | F32: 31 | G32: 31 | H32: 0 | I32: m | J32: 1 | K32: 1.094503 | L32: None | M32: 0 | N32: 31 | O32: 31 | P32: 30 | Q32: 50.12649 | AD32: 50.11653 | AE32: 50.12649 | AF32: 50.26348 | AG32: 50.26355 | AH32: 50.27146 | AI32: 50.314 | AJ32: 50.31779 | AK32: 50.32449 | AL32: 50.32449 | AN32: 51.42301 | AO32: m | AP32: 1 | AQ32: 1.094503 | AR32: None | AS32: m | AT32: TRUE | AU32: 50.27146 | AV32: 50.32449 | BH32: 3 | BI32: 1 | BJ32: 2025-11-17_10h06.58.143 | BK32: solo project | BM32: 2025.1.1 | BN32: 120.0969 | BO32: 2025-11-17 10h07.04.593858 +0530 | BQ32: 03_solo project_2025-11-17_10h06.58.143.csv
A33: cup | B33: teaf | C33: related | D33: nonword | E33: z | F33: 32 | G33: 32 | H33: 0 | I33: z | J33: 1 | K33: 1.028944 | L33: None | M33: 0 | N33: 32 | O33: 32 | P33: 65 | Q33: 51.43337 | AD33: 51.42337 | AE33: 51.43337 | AF33: 51.57051 | AG33: 51.57056 | AH33: 51.58037 | AI33: 51.61384 | AJ33: 51.61721 | AK33: 51.62399 | AL33: 51.62399 | AN33: 52.65563 | AO33: z | AP33: 1 | AQ33: 1.028944 | AR33: None | AS33: z | AT33: TRUE | AU33: 51.58037 | AV33: 51.62399 | BH33: 3 | BI33: 1 | BJ33: 2025-11-17_10h06.58.143 | BK33: solo project | BM33: 2025.1.1 | BN33: 120.0969 | BO33: 2025-11-17 10h07.04.593858 +0530 | BQ33: 03_solo project_2025-11-17_10h06.58.143.csv
A34: teacher | B34: bananaz | C34: unrelated | D34: nonword | E34: z | F34: 33 | G34: 33 | H34: 0 | I34: z | J34: 1 | K34: 1.059685 | L34: None | M34: 0 | N34: 33 | O34: 33 | P34: 79 | Q34: 52.66637 | AD34: 52.65613 | AE34: 52.66637 | AF34: 52.80416 | AG34: 52.80421 | AH34: 52.81382 | AI34: 52.84731 | AJ34: 52.85108 | AK34: 52.85626 | AL34: 52.85626 | AN34: 53.92288 | AO34: z | AP34: 1 | AQ34: 1.059685 | AR34: None | AS34: z | AT34: TRUE | AU34: 52.81382 | AV34: 52.85626 | BH34: 3 | BI34: 1 | BJ34: 2025-11-17_10h06.58.143 | BK34: solo project | BM34: 2025.1.1 | BN34: 120.0969 | BO34: 2025-11-17 10h07.04.593858 +0530 | BQ34: 03_solo project_2025-11-17_10h06.58.143.csv
... A37: fire | B37: heatt | C37: related | D37: nonword | E37: z | F37: 36 | G37: 36 | H37: 0 | I37: z | J37: 1 | K37: 0.960041 | L37: None | M37: 0 | N37: 36 | O37: 36 | P37: 64 | Q37: 55.47628 | AD37: 55.46629 | AE37: 55.47628 | AF37: 55.61415 | AG37: 55.61421 | AH37: 55.62066 | AI37: 55.6637 | AJ37: 55.66725 | AK37: 55.67384 | AL37: 55.67384 | AN37: 56.6389 | AO37: z | AP37: 1 | AQ37: 0.960041 | AR37: None | AS37: z | AT37: TRUE | AU37: 55.62066 | AV37: 55.67384 | BH37: 3 | BI37: 1 | BJ37: 2025-11-17_10h06.58.143 | BK37: solo project | BM37: 2025.1.1 | BN37: 120.0969 | BO37: 2025-11-17 10h07.04.593858 +0530 | BQ37: 03_solo project_2025-11-17_10h06.58.143.csv
A38: pen | B38: shoe | C38: unrelated | D38: word | E38: m | F38: 37 | G38: 37 | H38: 0 | I38: m | J38: 1 | K38: 1.300102 | L38: None | M38: 0 | N38: 37 | O38: 37 | P38: 43 | Q38: 56.64943 | AD38: 56.63935 | AE38: 56.64943 | AF38: 56.7904 | AG38: 56.79047 | AH38: 56.79721 | AI38: 56.83047 | AJ38: 56.83404 | AK38: 56.8407 | AL38: 56.8407 | AN38: 58.14904 | AO38: m | AP38: 1 | AQ38: 1.300102 | AR38: None | AS38: m | AT38: TRUE | AV38: 56.8407 | BH38: 3 | BI38: 1 | BJ38: 2025-11-17_10h06.58.143 | BK38: solo project | BM38: 2025.1.1 | BN38: 120.0969 | BO38: 2025-11-17 10h07.04.593858 +0530 | BQ38: 03_solo project_2025-11-17_10h06.58.143.csv
A39: cup | B39: tea | C39: related | D39: word | E39: m | F39: 38 | G39: 38 | H39: 0 | I39: m | J39: 1 | K39: 0.786441 | L39: None | M39: 0 | N39: 38 | O39: 38 | P39: 15 | Q39: 58.15952 | AD39: 58.14942 | AE39: 58.15952 | AF39: 58.2969 | AG39: 58.29698 | AH39: 58.30355 | AI39: 58.33725 | AJ39: 58.34101 | AK39: 58.35033 | AL39: 58.35033 | AN39: 59.13935 | AO39: m | AP39: 1 | AQ39: 0.786441 | AR39: None | AS39: m | AT39: TRUE | AU39: 58.30355 | AV39: 58.35033 | BH39: 3 | BI39: 1 | BJ39: 2025-11-17_10h06.58.143 | BK39: solo project | BM39: 2025.1.1 | BN39: 120.0969 | BO39: 2025-11-17 10h07.04.593858 +0530 | BQ39: 03_solo project_2025-11-17_10h06.58.143.csv
A40: bread | B40: buttera | C40: related | D40: nonword | E40: z | F40: 39 | G40: 39 | H40: 0 | I40: z | J40: 1 | K40: 0.754212 | L40: None | M40: 0 | N40: 39 | O40: 39 | P40: 53 | Q40: 59.14926 | AD40: 59.13984 | AE40: 59.14926 | AF40: 59.28769 | AG40: 59.28774 | AH40: 59.29687 | AI40: 59.33098 | AJ40: 59.33506 | AK40: 59.34162 | AL40: 59.34162 | AN40: 60.09856 | AO40: z | AP40: 1 | AQ40: 0.754212 | AR40: None | AS40: z | AT40: TRUE | AU40: 59.29687 | AV40: 59.34162 | BH40: 3 | BI40: 1 | BJ40: 2025-11-17_10h06.58.143 | BK40: solo project | BM40: 2025.1.1 | BN40: 120.0969 | BO40: 2025-11-17 10h07.04.593858 +0530 | BQ40: 03_solo project_2025-11-17_10h06.58.143.csv
A41: salt | B41: pepper | C41: related | D41: word | E41: m | F41: 40 | G41: 40 | H41: 0 | I41: m | J41: 1 | K41: 0.981393 | L41: None | M41: 0 | N41: 40 | O41: 40 | P41: 22 | Q41: 60.10895 | AD41: 60.09897 | AE41: 60.10895 | AF41: 60.2468 | AG41: 60.24687 | AH41: 60.25344 | AI41: 60.28691 | AJ41: 60.29138 | AK41: 60.29837 | AL41: 60.29837 | AN41: 61.28292 | AO41: m | AP41: 1 | AQ41: 0.981393 | AR41: None | AS41: m | AT41: TRUE | AU41: 60.25344 | AV41: 60.29837 | BH41: 3 | BI41: 1 | BJ41: 2025-11-17_10h06.58.143 | BK41: solo project | BM41: 2025.1.1 | BN41: 120.0969 | BO41: 2025-11-17 10h07.04.593858 +0530 | BQ41: 03_solo project_2025-11-17_10h06.58.143.csv
A42: teacher | B42: studenth | C42: related | D42: nonword | E42: z | F42: 41 | G42: 41 | H42: 0 | I42: z | J42: 1 | K42: 0.887373 | L42: None | M42: 0 | N42: 41 | O42: 41 | P42: 54 | Q42: 61.29336 | AD42: 61.28332 | AE42: 61.29336 | AF42: 61.43059 | AG42: 61.43067 | AH42: 61.43742 | AI42: 61.4706 | AJ42: 61.47442 | AK42: 61.49634 | AL42: 61.49634 | AN42: 62.38904 | AO42: z | AP42: 1 | AQ42: 0.887373 | AR42: None | AS42: z | AT42: TRUE | AU42: 61.43742 | AV42: 61.49634 | BH42: 3 | BI42: 1 | BJ42: 2025-11-17_10h06.58.143 | BK42: solo project | BM42: 2025.1.1 | BN42: 120.0969 | BO42: 2025-11-17 10h07.04.593858 +0530 | BQ42: 03_solo project_2025-11-17_10h06.58.143.csv
A43: doctor | B43: nursep | C43: related | D43: nonword | E43: z | F43: 43 | G43: 43 | H43: 0 | I43: z | J43: 1 | K43: 0.888832 | L43: None | M43: 0 | N43: 43 | O43: 43 | P43: 50 | Q43: 63.38276 | AD43: 63.37284 | AE43: 63.38276 | AF43: 63.52375 | AG43: 63.5238 | AH43: 63.53045 | AI43: 63.56391 | AJ43: 63.56827 | AK43: 63.57482 | AL43: 63.57482 | AN43: 64.46573 | AO43: z | AP43: 1 | AQ43: 0.888832 | AR43: None | AS43: z | AT43: TRUE | AV43: 63.57482 | BH43: 3 | BI43: 1 | BJ43: 2025-11-17_10h06.58.143 | BK43: solo project | BM43: 2025.1.1 | BN43: 120.0969 | BO43: 2025-11-17 10h07.04.593858 +0530 | BQ43: 03_solo project_2025-11-17_10h06.58.143.csv
A44: shoe | B44: sock | C44: related | D44: word | E44: m | F44: 44 | G44: 44 | H44: 0 | I44: m | J44: 1 | K44: 0.660493 | L44: None | M44: 0 | N44: 44 | O44: 44 | P44: 21 | Q44: 64.47592 | AD44: 64.46613 | AE44: 64.47592 | AF44: 64.6142 | AG44: 64.61424 | AH44: 64.62039 | AI44: 64.65374 | AJ44: 64.65693 | AK44: 64.66411 | AL44: 64.66411 | AN44: 65.33201 | AO44: m | AP44: 1 | AQ44: 0.660493 | AR44: None | AS44: m | AT44: TRUE | AU44: 64.62039 | AV44: 64.66411 | BH44: 3 | BI44: 1 | BJ44: 2025-11-17_10h06.58.143 | BK44: solo project | BM44: 2025.1.1 | BN44: 120.0969 | BO44: 2025-11-17 10h07.04.593858 +0530 | BQ44: 03_solo project_2025-11-17_10h06.58.143.csv
A45: cup | B45: bricku | C45: unrelated | D45: nonword | E45: z | F45: 45 | G45: 45 | H45: 0 | I45: z | J45: 1 | K45: 0.866304 | L45: None | M45: 0 | N45: 45 | O45: 45 | P45: 90 | Q45: 65.34281 | AD45: 65.33255 | AE45: 65.34281 | AF45: 65.48084 | AG45: 65.48089 | AH45: 65.487 | AI45: 65.52069 | AJ45: 65.52426 | AK45: 65.54636 | AL45: 65.54636 | AN45: 66.41538 | AO45: z | AP45: 1 | AQ45: 0.866304 | AR45: None | AS45: z | AT45: TRUE | AU45: 65.487 | AV45: 65.54636 | BH45: 3 | BI45: 1 | BJ45: 2025-11-17_10h06.58.143 | BK45: solo project | BM45: 2025.1.1 | BN45: 120.0969 | BO45: 2025-11-17 10h07.04.593858 +0530 | BQ45: 03_solo project_2025-11-17_10h06.58.143.csv
A46: doctor | B46: table | C46: unrelated | D46: word | E46: m | F46: 46 | G46: 46 | H46: 0 | I46: m | J46: 1 | K46: 0.51772 | L46: None | M46: 0 | N46: 46 | O46: 46 | P46: 25 | Q46: 66.42425 | AD46: 66.41588 | AE46: 66.42425 | AF46: 66.56421 | AG46: 66.56427 | AH46: 66.57076 | AI46: 66.60396 | AJ46: 66.60795 | AK46: 66.61492 | AL46: 66.61492 | AN46: 67.13887 | AO46: m | AP46: 1 | AQ46: 0.51772 | AR46: None | AS46: m | AT46: TRUE | AU46: 66.57076 | AV46: 66.61492 | BH46: 3 | BI46: 1 | BJ46: 2025-11-17_10h06.58.143 | BK46: solo project | BM46: 2025.1.1 | BN46: 120.0969 | BO46: 2025-11-17 10h07.04.593858 +0530 | BQ46: 03_solo project_2025-11-17_10h06.58.143.csv
A47: music | B47: plate | C47: unrelated | D47: word | E47: m | F47: 47 | G47: 47 | H47: 0 | I47: m | J47: 1 | K47: 0.536386 | L47: None | M47: 0 | N47: 47 | O47: 47 | P47: 37 | Q47: 67.14958 | AD47: 67.13925 | AE47: 67.14958 | AF47: 67.28749 | AG47: 67.28755 | AH47: 67.29686 | AI47: 67.33086 | AJ47: 67.33456 | AK47: 67.34125 | AL47: 67.34125 | AN47: 67.88181 | AO47: m | AP47: 1 | AQ47: 0.536386 | AR47: None | AS47: m | AT47: TRUE | AU47: 67.29686 | AV47: 67.34125 | BH47: 3 | BI47: 1 | BJ47: 2025-11-17_10h06.58.143 | BK47: solo project | BM47: 2025.1.1 | BN47: 120.0969 | BO47: 2025-11-17 10h07.04.593858 +0530 | BQ47: 03_solo project_2025-11-17_10h06.58.143.csv
A48: flower | B48: bottlev | C48: unrelated | D48: nonword | E48: z | F48: 48 | G48: 48 | H48: 0 | I48: z | J48: 1 | K48: 0.466499 | L48: None | M48: 0 | N48: 48 | O48: 48 | P48: 99 | Q48: 67.88942 | AD48: 67.88222 | AE48: 67.88942 | AF48: 68.03186 | AG48: 68.03193 | AH48: 68.03952 | AI48: 68.08067 | AJ48: 68.08454 | AK48: 68.09111 | AL48: 68.09111 | AN48: 68.56623 | AO48: z | AP48: 1 | AQ48: 0.466499 | AR48: None | AS48: z | AT48: TRUE | AU48: 68.03952 | AV48: 68.09111 | BH48: 3 | BI48: 1 | BJ48: 2025-11-17_10h06.58.143 | BK48: solo project | BM48: 2025.1.1 | BN48: 120.0969 | BO48: 2025-11-17 10h07.04.593858 +0530 | BQ48: 03_solo project_2025-11-17_10h06.58.143.csv
A49: book | B49: hammer | C49: unrelated | D49: word | E49: m | F49: 49 | G49: 49 | H49: 0 | I49: m | J49: 1 | K49: 0.942182 | L49: None | M49: 0 | N49: 49 | O49: 49 | P49: 33 | Q49: 68.57665 | AD49: 68.56674 | AE49: 68.57665 | AF49: 68.71353 | AG49: 68.71361 | AH49: 68.72011 | AI49: 68.75335 | AJ49: 68.7574 | AK49: 68.7644 | AL49: 68.7644 | AN49: 69.7154 | AO49: m | AP49: 1 | AQ49: 0.942182 | AR49: None | AS49: m | AT49: TRUE | AU49: 68.72011 | AV49: 68.7644 | BH49: 3 | BI49: 1 | BJ49: 2025-11-17_10h06.58.143 | BK49: solo project | BM49: 2025.1.1 | BN49: 120.0969 | BO49: 2025-11-17 10h07.04.593858 +0530 | BQ49: 03_solo project_2025-11-17_10h06.58.143.csv
A50: shoe | B50: sockp | C50: related | D50: nonword | E50: z | F50: 50 | G50: 50 | H50: 0 | I50: z | J50: 1 | K50: 0.590749 | L50: None | M50: 0 | N50: 50 | O50: 50 | P50: 71 | Q50: 69.72563 | AD50: 69.71577 | AE50: 69.72563 | AF50: 69.86328 | AG50: 69.86332 | AH50: 69.86942 | AI50: 69.90391 | AJ50: 69.90743 | AK50: 69.92976 | AL50: 69.92976 | AN50: 70.5227 | AO50: z | AP50: 1 | AQ50: 0.590749 | AR50: None | AS50: z | AT50: TRUE | AU50: 69.86942 | AV50: 69.92976 | BH50: 3 | BI50: 1 | BJ50: 2025-11-17_10h06.58.143 | BK50: solo project | BM50: 2025.1.1 | BN50: 120.0969 | BO50: 2025-11-17 10h07.04.593858 +0530 | BQ50: 03_solo project_2025-11-17_10h06.58.143.csv
A51: road | B51: streetq | C51: related | D51: nonword | E51: z | F51: 51 | G51: 51 | H51: 0 | I51: z | J51: 1 | K51: 0.802281 | L51: None | M51: 0 | N51: 51 | O51: 51 | P51: 69 | Q51: 70.53301 | AD51: 70.52314 | AE51: 70.53301 | AF51: 70.67003 | AG51: 70.6701 | AH51: 70.68004 | AI51: 70.71404 | AJ51: 70.71808 | AK51: 70.72463 | AL51: 70.72463 | AN51: 71.53158 | AO51: z | AP51: 1 | AQ51: 0.802281 | AR51: None | AS51: z | AT51: TRUE | AU51: 70.68004 | AV51: 70.72463 | BH51: 3 | BI51: 1 | BJ51: 2025-11-17_10h06.58.143 | BK51: solo project | BM51: 2025.1.1 | BN51: 120.0969 | BO51: 2025-11-17 10h07.04.593858 +0530 | BQ51: 03_solo project_2025-11-17_10h06.58.143.csv
A52: tree | B52: leaf | C52: related | D52: word | E52: m | F52: 52 | G52: 52 | H52: 0 | I52: m | J52: 1 | K52: 1.24759 | L52: None | M52: 0 | N52: 52 | O52: 52 | P52: 20 | Q52: 71.54041 | AD52: 71.53195 | AE52: 71.54041 | AF52: 71.68034 | AG52: 71.68042 | AH52: 71.68692 | AI52: 71.72047 | AJ52: 71.72504 | AK52: 71.73194 | AL52: 71.73194 | AN52: 72.9821 | AO52: m | AP52: 1 | AQ52: 1.24759 | AR52: None | AS52: m | AT52: TRUE | AU52: 71.68692 | AV52: 71.73194 | BH52: 3 | BI52: 1 | BJ52: 2025-11-17_10h06.58.143 | BK52: solo project | BM52: 2025.1.1 | BN52: 120.0969 | BO52: 2025-11-17 10h07.04.593858 +0530 | BQ52: 03_solo project_2025-11-17_10h06.58.143.csv
A53: ball | B53: game | C53: related | D53: word | E53: m | F53: 53 | G53: 53 | H53: 0 | I53: m | J53: 1 | K53: 0.609496 | L53: None | M53: 0 | N53: 53 | O53: 53 | P53: 23 | Q53: 72.99217 | AD53: 72.98245 | AE53: 72.99217 | AF53: 73.13065 | AG53: 73.13074 | AH53: 73.13735 | AI53: 73.17063 | AJ53: 73.17383 | AK53: 73.18097 | AL53: 73.18097 | AN53: 73.79888 | AO53: m | AP53: 1 | AQ53: 0.609496 | AR53: None | AS53: m | AT53: TRUE | AU53: 73.13735 | AV53: 73.18097 | BH53: 3 | BI53: 1 | BJ53: 2025-11-17_10h06.58.143 | BK53: solo project | BM53: 2025.1.1 | BN53: 120.0969 | BO53: 2025-11-17 10h07.04.593858 +0530 | BQ53: 03_solo project_2025-11-17_10h06.58.143.csv
A54: river | B54: water | C54: related | D54: word | E54: m | F54: 54 | G54: 54 | H54: 0 | I54: m | J54: 1 | K54: 0.469186 | L54: None | M54: 0 | N54: 54 | O54: 54 | P54: 9 | Q54: 73.8076 | AD54: 73.79924 | AE54: 73.8076 | AF54: 73.94682 | AG54: 73.9469 | AH54: 73.9534 | AI54: 73.98666 | AJ54: 73.99022 | AK54: 73.99725 | AL54: 73.99725 | AN54: 74.47271 | AO54: m | AP54: 1 | AQ54: 0.469186 | AR54: None | AS54: m | AT54: TRUE | AU54: 73.9534 | AV54: 73.99725 | BH54: 3 | BI54: 1 | BJ54: 2025-11-17_10h06.58.143 | BK54: solo project | BM54: 2025.1.1 | BN54: 120.0969 | BO54: 2025-11-17 10h07.04.593858 +0530 | BQ54: 03_solo project_2025-11-17_10h06.58.143.csv
A55: cup | B55: brick | C55: unrelated | D55: word | E55: m | F55: 55 | G55: 55 | H55: 0 | I55: m | J55: 1 | K55: 0.874092 | L55: None | M55: 0 | N55: 55 | O55: 55 | P55: 40 | Q55: 74.4827 | AD55: 74.47315 | AE55: 74.4827 | AF55: 74.62324 | AG55: 74.62329 | AH55: 74.62975 | AI55: 74.66354 | AJ55: 74.66671 | AK55: 74.67336 | AL55: 74.67336 | AN55: 75.55488 | AO55: m | AP55: 1 | AQ55: 0.874092 | AR55: None | AS55: m | AT55: TRUE | AV55: 74.67336 | BH55: 3 | BI55: 1 | BJ55: 2025-11-17_10h06.58.143 | BK55: solo project | BM55: 2025.1.1 | BN55: 120.0969 | BO55: 2025-11-17 10h07.04.593858 +0530 | BQ55: 03_solo project_2025-11-17_10h06.58.143.csv
A56: ball | B56: mirror | C56: unrelated | D56: word | E56: m | F56: 56 | G56: 56 | H56: 0 | I56: m | J56: 1 | K56: 0.679331 | L56: None | M56: 0 | N56: 56 | O56: 56 | P56: 48 | Q56: 75.56567 | AD56: 75.55525 | AE56: 75.56567 | AF56: 75.70354 | AG56: 75.70359 | AH56: 75.7134 | AI56: 75.74734 | AJ56: 75.75138 | AK56: 75.75812 | AL56: 75.75812 | AN56: 76.44911 | AO56: m | AP56: 1 | AQ56: 0.679331 | AR56: None | AS56: m | AT56: TRUE | AU56: 75.7134 | AV56: 75.75812 | BH56: 3 | BI56: 1 | BJ56: 2025-11-17_10h06.58.143 | BK56: solo project | BM56: 2025.1.1 | BN56: 120.0969 | BO56: 2025-11-17 10h07.04.593858 +0530 | BQ56: 03_solo project_2025-11-17_10h06.58.143.csv
A57: bird | B57: wingl | C57: related | D57: nonword | E57: z | F57: 57 | G57: 57 | H57: 0 | I57: z | J57: 1 | K57: 0.533453 | L57: None | M57: 0 | N57: 57 | O57: 57 | P57: 60 | Q57: 76.45789 | AD57: 76.44958 | AE57: 76.45789 | AF57: 76.5971 | AG57: 76.59716 | AH57: 76.60371 | AI57: 76.63649 | AJ57: 76.64 | AK57: 76.64695 | AL57: 76.64695 | AN57: 77.18266 | AO57: z | AP57: 1 | AQ57: 0.533453 | AR57: None | AS57: z | AT57: TRUE | AU57: 76.60371 | AV57: 76.64695 | BH57: 3 | BI57: 1 | BJ57: 2025-11-17_10h06.58.143 | BK57: solo project | BM57: 2025.1.1 | BN57: 120.0969 | BO57: 2025-11-17 10h07.04.593858 +0530 | BQ57: 03_solo project_2025-11-17_10h06.58.143.csv
A58: king | B58: marker | C58: unrelated | D58: word | E58: m | F58: 58 | G58: 58 | H58: 0 | I58: m | J58: 1 | K58: 0.597052 | L58: None | M58: 0 | N58: 58 | O58: 58 | P58: 38 | Q58: 77.1927 | AD58: 77.18303 | AE58: 77.1927 | AF58: 77.33091 | AG58: 77.33099 | AH58: 77.33743 | AI58: 77.37025 | AJ58: 77.37453 | AK58: 77.39636 | AL58: 77.39636 | AN58: 77.99873 | AO58: m | AP58: 1 | AQ58: 0.597052 | AR58: None | AS58: m | AT58: TRUE | AU58: 77.33743 | AV58: 77.39636 | BH58: 3 | BI58: 1 | BJ58: 2025-11-17_10h06.58.143 | BK58: solo project | BM58: 2025.1.1 | BN58: 120.0969 | BO58: 2025-11-17 10h07.04.593858 +0530 | BQ58: 03_solo project_2025-11-17_10h06.58.143.csv
A59: book | B59: page | C59: related | D59: word | E59: m | F59: 59 | G59: 59 | H59: 0 | I59: m | J59: 1 | K59: 0.601736 | L59: None | M59: 0 | N59: 59 | O59: 59 | P59: 8 | Q59: 78.00605 | AD59: 77.99921 | AE59: 78.00605 | AF59: 78.14915 | AG59: 78.14922 | AH59: 78.15659 | AI59: 78.19688 | AJ59: 78.19994 | AK59: 78.20663 | AL59: 78.20663 | AN59: 78.81553 | AO59: m | AP59: 1 | AQ59: 0.601736 | AR59: None | AS59: m | AT59: TRUE | AU59: 78.15659 | AV59: 78.20663 | BH59: 3 | BI59: 1 | BJ59: 2025-11-17_10h06.58.143 | BK59: solo project | BM59: 2025.1.1 | BN59: 120.0969 | BO59: 2025-11-17 10h07.04.593858 +0530 | BQ59: 03_solo project_2025-11-17_10h06.58.143.csv
A60: king | B60: queenm | C60: related | D60: nonword | E60: z | F60: 60 | G60: 60 | H60: 0 | I60: z | J60: 1 | K60: 0.45916 | L60: None | M60: 0 | N60: 60 | O60: 60 | P60: 63 | Q60: 78.82621 | AD60: 78.816 | AE60: 78.82621 | AF60: 78.96364 | AG60: 78.9637 | AH60: 78.97027 | AI60: 79.00357 | AJ60: 79.00728 | AK60: 79.01415 | AL60: 79.01415 | AN60: 79.48201 | AO60: z | AP60: 1 | AQ60: 0.45916 | AR60: None | AS60: z | AT60: TRUE | AU60: 78.97027 | AV60: 79.01415 | BH60: 3 | BI60: 1 | BJ60: 2025-11-17_10h06.58.143 | BK60: solo project | BM60: 2025.1.1 | BN60: 120.0969 | BO60: 2025-11-17 10h07.04.593858 +0530 | BQ60: 03_solo project_2025-11-17_10h06.58.143.csv
A61: cat | B61: dogt | C61: related | D61: nonword | E61: z | F61: 61 | G61: 61 | H61: 0 | I61: z | J61: 1 | K61: 0.584433 | L61: None | M61: 0 | N61: 61 | O61: 61 | P61: 51 | Q61: 79.49213 | AD61: 79.48239 | AE61: 79.49213 | AF61: 79.63217 | AG61: 79.63222 | AH61: 79.63966 | AI61: 79.68067 | AJ61: 79.6844 | AK61: 79.69096 | AL61: 79.69096 | AN61: 80.28232 | AO61: z | AP61: 1 | AQ61: 0.584433 | AR61: None | AS61: z | AT61: TRUE | AU61: 79.63966 | AV61: 79.69096 | BH61: 3 | BI61: 1 | BJ61: 2025-11-17_10h06.58.143 | BK61: solo project | BM61: 2025.1.1 | BN61: 120.0969 | BO61: 2025-11-17 10h07.04.593858 +0530 | BQ61: 03_solo project_2025-11-17_10h06.58.143.csv
A62: pen | B62: paperz | C62: related | D62: nonword | E62: z | F62: 62 | G62: 62 | H62: 0 | I62: z | J62: 1 | K62: 0.933429 | L62: None | M62: 0 | N62: 62 | O62: 62 | P62: 68 | Q62: 80.28949 | AD62: 80.28259 | AE62: 80.28949 | AF62: 80.43031 | AG62: 80.43038 | AH62: 80.43672 | AI62: 80.48012 | AJ62: 80.48326 | AK62: 80.4899 | AL62: 80.4899 | AN62: 81.43268 | AO62: z | AP62: 1 | AQ62: 0.933429 | AR62: None | AS62: z | AT62: TRUE | AU62: 80.43672 | AV62: 80.4899 | BH62: 3 | BI62: 1 | BJ62: 2025-11-17_10h06.58.143 | BK62: solo project | BM62: 2025.1.1 | BN62: 120.0969 | BO62: 2025-11-17 10h07.04.593858 +0530 | BQ62: 03_solo project_2025-11-17_10h06.58.143.csv
A63: flower | B63: petaln | C63: related | D63: nonword | E63: z | F63: 63 | G63: 63 | H63: 0 | I63: z | J63: 1 | K63: 0.756076 | L63: None | M63: 0 | N63: 63 | O63: 63 | P63: 74 | Q63: 81.44279 | AD63: 81.43305 | AE63: 81.44279 | AF63: 81.58026 | AG63: 81.58033 | AH63: 81.58698 | AI63: 81.62067 | AJ63: 81.62422 | AK63: 81.64619 | AL63: 81.64619 | AN63: 82.40548 | AO63: z | AP63: 1 | AQ63: 0.756076 | AR63: None | AS63: z | AT63: TRUE | AU63: 81.58698 | AV63: 81.64619 | BH63: 3 | BI63: 1 | BJ63: 2025-11-17_10h06.58.143 | BK63: solo project | BM63: 2025.1.1 | BN63: 120.0969 | BO63: 2025-11-17 10h07.04.593858 +0530 | BQ63: 03_solo project_2025-11-17_10h06.58.143.csv
A64: bird | B64: cup | C64: unrelated | D64: word | E64: m | F64: 64 | G64: 64 | H64: 0 | I64: m | J64: 1 | K64: 0.676046 | L64: None | M64: 0 | N64: 64 | O64: 64 | P64: 35 | Q64: 82.41613 | AD64: 82.40595 | AE64: 82.41613 | AF64: 82.55321 | AG64: 82.55326 | AH64: 82.56322 | AI64: 82.59737 | AJ64: 82.60166 | AK64: 82.61327 | AL64: 82.61327 | AN64: 83.29858 | AO64: m | AP64: 1 | AQ64: 0.676046 | AR64: None | AS64: m | AT64: TRUE | AU64: 82.56322 | AV64: 82.61327 | BH64: 3 | BI64: 1 | BJ64: 2025-11-17_10h06.58.143 | BK64: solo project | BM64: 2025.1.1 | BN64: 120.0969 | BO64: 2025-11-17 10h07.04.593858 +0530 | BQ64: 03_solo project_2025-11-17_10h06.58.143.csv
A65: shirt | B65: cloth | C65: related | D65: word | E65: m | F65: 65 | G65: 65 | H65: 0 | I65: m | J65: 1 | K65: 0.525782 | L65: None | M65: 0 | N65: 65 | O65: 65 | P65: 16 | Q65: 83.30889 | AD65: 83.29898 | AE65: 83.30889 | AF65: 83.44727 | AG65: 83.44734 | AH65: 83.45388 | AI65: 83.48709 | AJ65: 83.49034 | AK65: 83.49747 | AL65: 83.49747 | AN65: 84.03244 | AO65: m | AP65: 1 | AQ65: 0.525782 | AR65: None | AS65: m | AT65: TRUE | AU65: 83.45388 | AV65: 83.49747 | BH65: 3 | BI65: 1 | BJ65: 2025-11-17_10h06.58.143 | BK65: solo project | BM65: 2025.1.1 | BN65: 120.0969 | BO65: 2025-11-17 10h07.04.593858 +0530 | BQ65: 03_solo project_2025-11-17_10h06.58.143.csv
A66: heart | B66: beat | C66: related | D66: word | E66: m | F66: 66 | G66: 66 | H66: 0 | I66: m | J66: 1 | K66: 0.461382 | L66: None | M66: 0 | N66: 66 | O66: 66 | P66: 11 | Q66: 84.04318 | AD66: 84.03287 | AE66: 84.04318 | AF66: 84.18039 | AG66: 84.18045 | AH66: 84.18705 | AI66: 84.2205 | AJ66: 84.22388 | AK66: 84.23088 | AL66: 84.23088 | AN66: 84.69897 | AO66: m | AP66: 1 | AQ66: 0.461382 | AR66: None | AS66: m | AT66: TRUE | AU66: 84.18705 | AV66: 84.23088 | BH66: 3 | BI66: 1 | BJ66: 2025-11-17_10h06.58.143 | BK66: solo project | BM66: 2025.1.1 | BN66: 120.0969 | BO66: 2025-11-17 10h07.04.593858 +0530 | BQ66: 03_solo project_2025-11-17_10h06.58.143.csv
A67: music | B67: platek | C67: unrelated | D67: nonword | E67: z | F67: 67 | G67: 67 | H67: 0 | I67: z | J67: 1 | K67: 0.819968 | L67: None | M67: 0 | N67: 67 | O67: 67 | P67: 87 | Q67: 84.70934 | AD67: 84.69943 | AE67: 84.70934 | AF67: 84.84724 | AG67: 84.84733 | AH67: 84.85396 | AI67: 84.88756 | AJ67: 84.89127 | AK67: 84.89824 | AL67: 84.89824 | AN67: 85.722 | AO67: z | AP67: 1 | AQ67: 0.819968 | AR67: None | AS67: z | AT67: TRUE | AU67: 84.85396 | AV67: 84.89824 | BH67: 3 | BI67: 1 | BJ67: 2025-11-17_10h06.58.143 | BK67: solo project | BM67: 2025.1.1 | BN67: 120.0969 | BO67: 2025-11-17 10h07.04.593858 +0530 | BQ67: 03_solo project_2025-11-17_10h06.58.143.csv
... A73: salt | B73: camera | C73: unrelated | D73: word | E73: m | F73: 73 | G73: 73 | H73: 0 | I73: m | J73: 1 | K73: 0.60486 | L73: None | M73: 0 | N73: 73 | O73: 73 | P73: 47 | Q73: 91.09269 | AD73: 91.08265 | AE73: 91.09269 | AF73: 91.23044 | AG73: 91.23052 | AH73: 91.23705 | AI73: 91.2706 | AJ73: 91.27423 | AK73: 91.2962 | AL73: 91.2962 | AN73: 91.90488 | AO73: m | AP73: 1 | AQ73: 0.60486 | AR73: None | AS73: m | AT73: TRUE | AU73: 91.23705 | AV73: 91.2962 | BH73: 3 | BI73: 1 | BJ73: 2025-11-17_10h06.58.143 | BK73: solo project | BM73: 2025.1.1 | BN73: 120.0969 | BO73: 2025-11-17 10h07.04.593858 +0530 | BQ73: 03_solo project_2025-11-17_10h06.58.143.csv
A74: tree | B74: leafw | C74: related | D74: nonword | E74: z | F74: 74 | G74: 74 | H74: 0 | I74: z | J74: 1 | K74: 0.878418 | L74: None | M74: 0 | N74: 74 | O74: 74 | P74: 70 | Q74: 91.91605 | AD74: 91.90536 | AE74: 91.91605 | AF74: 92.05668 | AG74: 92.05673 | AH74: 92.06341 | AI74: 92.09713 | AJ74: 92.10109 | AK74: 92.10758 | AL74: 92.10758 | AN74: 92.98894 | AO74: z | AP74: 1 | AQ74: 0.878418 | AR74: None | AS74: z | AT74: TRUE | AV74: 92.10758 | BH74: 3 | BI74: 1 | BJ74: 2025-11-17_10h06.58.143 | BK74: solo project | BM74: 2025.1.1 | BN74: 120.0969 | BO74: 2025-11-17 10h07.04.593858 +0530 | BQ74: 03_solo project_2025-11-17_10h06.58.143.csv
A75: car | B75: windoww | C75: unrelated | D75: nonword | E75: z | F75: 75 | G75: 75 | H75: 0 | I75: z | J75: 1 | K75: 0.878806 | L75: None | M75: 0 | N75: 75 | O75: 75 | P75: 81 | Q75: 92.99945 | AD75: 92.98943 | AE75: 92.99945 | AF75: 93.13922 | AG75: 93.13927 | AH75: 93.1458 | AI75: 93.18054 | AJ75: 93.18464 | AK75: 93.19119 | AL75: 93.19119 | AN75: 94.07248 | AO75: z | AP75: 1 | AQ75: 0.878806 | AR75: None | AS75: z | AT75: TRUE | AV75: 93.19119 | BH75: 3 | BI75: 1 | BJ75: 2025-11-17_10h06.58.143 | BK75: solo project | BM75: 2025.1.1 | BN75: 120.0969 | BO75: 2025-11-17 10h07.04.593858 +0530 | BQ75: 03_solo project_2025-11-17_10h06.58.143.csv
A76: car | B76: enginek | C76: related | D76: nonword | E76: z | F76: 76 | G76: 76 | H76: 0 | I76: z | J76: 1 | K76: 0.976173 | L76: None | M76: 0 | N76: 76 | O76: 76 | P76: 56 | Q76: 94.08245 | AD76: 94.07287 | AE76: 94.08245 | AF76: 94.22069 | AG76: 94.22075 | AH76: 94.22978 | AI76: 94.2635 | AJ76: 94.26811 | AK76: 94.27479 | AL76: 94.27479 | AN76: 95.25551 | AO76: z | AP76: 1 | AQ76: 0.976173 | AR76: None | AS76: z | AT76: TRUE | AU76: 94.22978 | AV76: 94.27479 | BH76: 3 | BI76: 1 | BJ76: 2025-11-17_10h06.58.143 | BK76: solo project | BM76: 2025.1.1 | BN76: 120.0969 | BO76: 2025-11-17 10h07.04.593858 +0530 | BQ76: 03_solo project_2025-11-17_10h06.58.143.csv
A77: salt | B77: peppero | C77: related | D77: nonword | E77: z | F77: 77 | G77: 77 | H77: 0 | I77: z | J77: 1 | K77: 0.753395 | L77: None | M77: 0 | N77: 77 | O77: 77 | P77: 72 | Q77: 95.26593 | AD77: 95.2559 | AE77: 95.26593 | AF77: 95.40347 | AG77: 95.4035 | AH77: 95.41357 | AI77: 95.44719 | AJ77: 95.45114 | AK77: 95.45763 | AL77: 95.45763 | AN77: 96.21512 | AO77: z | AP77: 1 | AQ77: 0.753395 | AR77: None | AS77: z | AT77: TRUE | AU77: 95.41357 | AV77: 95.45763 | BH77: 3 | BI77: 1 | BJ77: 2025-11-17_10h06.58.143 | BK77: solo project | BM77: 2025.1.1 | BN77: 120.0969 | BO77: 2025-11-17 10h07.04.593858 +0530 | BQ77: 03_solo project_2025-11-17_10h06.58.143.csv
A78: river | B78: chairy | C78: unrelated | D78: nonword | E78: z | F78: 78 | G78: 78 | H78: 0 | I78: z | J78: 1 | K78: 0.598676 | L78: None | M78: 0 | N78: 78 | O78: 78 | P78: 84 | Q78: 96.22565 | AD78: 96.21561 | AE78: 96.22565 | AF78: 96.36369 | AG78: 96.36376 | AH78: 96.37031 | AI78: 96.40353 | AJ78: 96.4072 | AK78: 96.41431 | AL78: 96.41431 | AN78: 97.01566 | AO78: z | AP78: 1 | AQ78: 0.598676 | AR78: None | AS78: z | AT78: TRUE | AU78: 96.37031 | AV78: 96.41431 | BH78: 3 | BI78: 1 | BJ78: 2025-11-17_10h06.58.143 | BK78: solo project | BM78: 2025.1.1 | BN78: 120.0969 | BO78: 2025-11-17 10h07.04.593858 +0530 | BQ78: 03_solo project_2025-11-17_10h06.58.143.csv
A79: phone | B79: forestt | C79: unrelated | D79: nonword | E79: z | F79: 79 | G79: 79 | H79: 0 | I79: z | J79: 1 | K79: 0.888325 | L79: None | M79: 0 | N79: 79 | O79: 79 | P79: 82 | Q79: 97.02562 | AD79: 97.01607 | AE79: 97.02562 | AF79: 97.16395 | AG79: 97.16403 | AH79: 97.17064 | AI79: 97.21391 | AJ79: 97.21783 | AK79: 97.22462 | AL79: 97.22462 | AN79: 98.11514 | AO79: z | AP79: 1 | AQ79: 0.888325 | AR79: None | AS79: z | AT79: TRUE | AU79: 97.17064 | AV79: 97.22462 | BH79: 3 | BI79: 1 | BJ79: 2025-11-17_10h06.58.143 | BK79: solo project | BM79: 2025.1.1 | BN79: 120.0969 | BO79: 2025-11-17 10h07.04.593858 +0530 | BQ79: 03_solo project_2025-11-17_10h06.58.143.csv
A80: cat | B80: pencilu | C80: unrelated | D80: nonword | E80: z | F80: 80 | G80: 80 | H80: 0 | I80: z | J80: 1 | K80: 0.607466 | L80: None | M80: 0 | N80: 80 | O80: 80 | P80: 76 | Q80: 98.12503 | AD80: 98.11549 | AE80: 98.12503 | AF80: 98.26359 | AG80: 98.26365 | AH80: 98.27017 | AI80: 98.3037 | AJ80: 98.30733 | AK80: 98.32945 | AL80: 98.32945 | AN80: 98.94942 | AO80: z | AP80: 1 | AQ80: 0.607466 | AR80: None | AS80: z | AT80: TRUE | AU80: 98.27017 | AV80: 98.32945 | BH80: 3 | BI80: 1 | BJ80: 2025-11-17_10h06.58.143 | BK80: solo project | BM80: 2025.1.1 | BN80: 120.0969 | BO80: 2025-11-17 10h07.04.593858 +0530 | BQ80: 03_solo project_2025-11-17_10h06.58.143.csv
A81: fire | B81: blanket | C81: unrelated | D81: word | E81: m | F81: 81 | G81: 81 | H81: 0 | I81: m | J81: 1 | K81: 0.700139 | L81: None | M81: 0 | N81: 81 | O81: 81 | P81: 39 | Q81: 98.95991 | AD81: 98.94996 | AE81: 98.95991 | AF81: 99.09652 | AG81: 99.09659 | AH81: 99.10279 | AI81: 99.13682 | AJ81: 99.1406 | AK81: 99.16272 | AL81: 99.16272 | AN81: 99.86544 | AO81: m | AP81: 1 | AQ81: 0.700139 | AR81: None | AS81: m | AT81: TRUE | AU81: 99.10279 | AV81: 99.16272 | BH81: 3 | BI81: 1 | BJ81: 2025-11-17_10h06.58.143 | BK81: solo project | BM81: 2025.1.1 | BN81: 120.0969 | BO81: 2025-11-17 10h07.04.593858 +0530 | BQ81: 03_solo project_2025-11-17_10h06.58.143.csv
A82: bread | B82: musicq | C82: unrelated | D82: nonword | E82: z | F82: 82 | G82: 82 | H82: 0 | I82: z | J82: 1 | K82: 0.674372 | L82: None | M82: 0 | N82: 82 | O82: 82 | P82: 78 | Q82: 99.87439 | AD82: 99.86593 | AE82: 99.87439 | AF82: 100.0137 | AG82: 100.0137 | AH82: 100.0203 | AI82: 100.053 | AJ82: 100.0576 | AK82: 100.0795 | AL82: 100.0795 | AN82: 100.7646 | AO82: z | AP82: 1 | AQ82: 0.674372 | AR82: None | AS82: z | AT82: TRUE | AU82: 100.0203 | AV82: 100.0795 | BH82: 3 | BI82: 1 | BJ82: 2025-11-17_10h06.58.143 | BK82: solo project | BM82: 2025.1.1 | BN82: 120.0969 | BO82: 2025-11-17 10h07.04.593858 +0530 | BQ82: 03_solo project_2025-11-17_10h06.58.143.csv
A83: bird | B83: wing | C83: related | D83: word | E83: m | F83: 83 | G83: 83 | H83: 0 | I83: m | J83: 1 | K83: 1.189278 | L83: None | M83: 0 | N83: 83 | O83: 83 | P83: 10 | Q83: 100.7749 | AD83: 100.7649 | AE83: 100.7749 | AF83: 100.9137 | AG83: 100.9138 | AH83: 100.9199 | AI83: 100.9537 | AJ83: 100.9576 | AK83: 100.9795 | AL83: 100.9795 | AN83: 102.172 | AO83: m | AP83: 1 | AQ83: 1.189278 | AR83: None | AS83: m | AT83: TRUE | AU83: 100.9199 | AV83: 100.9795 | BH83: 3 | BI83: 1 | BJ83: 2025-11-17_10h06.58.143 | BK83: solo project | BM83: 2025.1.1 | BN83: 120.0969 | BO83: 2025-11-17 10h07.04.593858 +0530 | BQ83: 03_solo project_2025-11-17_10h06.58.143.csv
A84: mother | B84: bottlex | C84: unrelated | D84: nonword | E84: z | F84: 84 | G84: 84 | H84: 0 | I84: z | J84: 1 | K84: 0.641336 | L84: None | M84: 0 | N84: 84 | O84: 84 | P84: 80 | Q84: 102.1824 | AD84: 102.1725 | AE84: 102.1824 | AF84: 102.3198 | AG84: 102.3198 | AH84: 102.3302 | AI84: 102.3633 | AJ84: 102.3668 | AK84: 102.3735 | AL84: 102.3735 | AN84: 103.0221 | AO84: z | AP84: 1 | AQ84: 0.641336 | AR84: None | AS84: z | AT84: TRUE | AU84: 102.3302 | AV84: 102.3735 | BH84: 3 | BI84: 1 | BJ84: 2025-11-17_10h06.58.143 | BK84: solo project | BM84: 2025.1.1 | BN84: 120.0969 | BO84: 2025-11-17 10h07.04.593858 +0530 | BQ84: 03_solo project_2025-11-17_10h06.58.143.csv
A85: river | B85: chair | C85: unrelated | D85: word | E85: m | F85: 85 | G85: 85 | H85: 0 | I85: m | J85: 1 | K85: 0.770438 | L85: None | M85: 0 | N85: 85 | O85: 85 | P85: 34 | Q85: 103.0325 | AD85: 103.0225 | AE85: 103.0325 | AF85: 103.1705 | AG85: 103.1706 | AH85: 103.1796 | AI85: 103.2138 | AJ85: 103.2168 | AK85: 103.2234 | AL85: 103.2234 | AN85: 103.9987 | AO85: m | AP85: 1 | AQ85: 0.770438 | AR85: None | AS85: m | AT85: TRUE | AU85: 103.1796 | AV85: 103.2234 | BH85: 3 | BI85: 1 | BJ85: 2025-11-17_10h06.58.143 | BK85: solo project | BM85: 2025.1.1 | BN85: 120.0969 | BO85: 2025-11-17 10h07.04.593858 +0530 | BQ85: 03_solo project_2025-11-17_10h06.58.143.csv
A86: king | B86: markerv | C86: unrelated | D86: nonword | E86: z | F86: 87 | G86: 87 | H86: 0 | I86: z | J86: 1 | K86: 0.610616 | L86: None | M86: 0 | N86: 87 | O86: 87 | P86: 88 | Q86: 104.9157 | AD86: 104.9054 | AE86: 104.9157 | AF86: 105.0537 | AG86: 105.0538 | AH86: 105.0632 | AI86: 105.0967 | AJ86: 105.1005 | AK86: 105.1071 | AL86: 105.1071 | AN86: 105.7217 | AO86: z | AP86: 1 | AQ86: 0.610616 | AR86: None | AS86: z | AT86: TRUE | AU86: 105.0632 | AV86: 105.1071 | BH86: 3 | BI86: 1 | BJ86: 2025-11-17_10h06.58.143 | BK86: solo project | BM86: 2025.1.1 | BN86: 120.0969 | BO86: 2025-11-17 10h07.04.593858 +0530 | BQ86: 03_solo project_2025-11-17_10h06.58.143.csv
A87: salt | B87: camerao | C87: unrelated | D87: nonword | E87: z | F87: 88 | G87: 88 | H87: 0 | I87: z | J87: 1 | K87: 0.59976 | L87: None | M87: 0 | N87: 88 | O87: 88 | P87: 97 | Q87: 105.7324 | AD87: 105.7223 | AE87: 105.7324 | AF87: 105.8704 | AG87: 105.8705 | AH87: 105.8797 | AI87: 105.9139 | AJ87: 105.9184 | AK87: 105.925 | AL87: 105.925 | AN87: 106.532 | AO87: z | AP87: 1 | AQ87: 0.59976 | AR87: None | AS87: z | AT87: TRUE | AU87: 105.8797 | AV87: 105.925 | BH87: 3 | BI87: 1 | BJ87: 2025-11-17_10h06.58.143 | BK87: solo project | BM87: 2025.1.1 | BN87: 120.0969 | BO87: 2025-11-17 10h07.04.593858 +0530 | BQ87: 03_solo project_2025-11-17_10h06.58.143.csv
... A92: phone | B92: call | C92: related | D92: word | E92: m | F92: 93 | G92: 93 | H92: 0 | I92: m | J92: 1 | K92: 0.471353 | L92: None | M92: 0 | N92: 93 | O92: 93 | P92: 7 | Q92: 110.0735 | AD92: 110.0656 | AE92: 110.0735 | AF92: 110.2139 | AG92: 110.214 | AH92: 110.2203 | AI92: 110.2536 | AJ92: 110.2574 | AK92: 110.2793 | AL92: 110.2793 | AN92: 110.7552 | AO92: m | AP92: 1 | AQ92: 0.471353 | AR92: None | AS92: m | AT92: TRUE | AU92: 110.2203 | AV92: 110.2793 | BH92: 3 | BI92: 1 | BJ92: 2025-11-17_10h06.58.143 | BK92: solo project | BM92: 2025.1.1 | BN92: 120.0969 | BO92: 2025-11-17 10h07.04.593858 +0530 | BQ92: 03_solo project_2025-11-17_10h06.58.143.csv
A93: heart | B93: beatu | C93: related | D93: nonword | E93: z | F93: 94 | G93: 94 | H93: 0 | I93: z | J93: 1 | K93: 0.519014 | L93: None | M93: 0 | N93: 94 | O93: 94 | P93: 61 | Q93: 110.766 | AD93: 110.7556 | AE93: 110.766 | AF93: 110.9063 | AG93: 110.9064 | AH93: 110.9134 | AI93: 110.9468 | AJ93: 110.952 | AK93: 110.9587 | AL93: 110.9587 | AN93: 111.4819 | AO93: z | AP93: 1 | AQ93: 0.519014 | AR93: None | AS93: z | AT93: TRUE | AV93: 110.9587 | BH93: 3 | BI93: 1 | BJ93: 2025-11-17_10h06.58.143 | BK93: solo project | BM93: 2025.1.1 | BN93: 120.0969 | BO93: 2025-11-17 10h07.04.593858 +0530 | BQ93: 03_solo project_2025-11-17_10h06.58.143.csv
A94: teacher | B94: banana | C94: unrelated | D94: word | E94: m | F94: 95 | G94: 95 | H94: 0 | I94: m | J94: 1 | K94: 0.810373 | L94: None | M94: 0 | N94: 95 | O94: 95 | P94: 29 | Q94: 111.4926 | AD94: 111.4823 | AE94: 111.4926 | AF94: 111.6305 | AG94: 111.6305 | AH94: 111.6368 | AI94: 111.6701 | AJ94: 111.6744 | AK94: 111.6813 | AL94: 111.6813 | AN94: 112.4985 | AO94: m | AP94: 1 | AQ94: 0.810373 | AR94: None | AS94: m | AT94: TRUE | AU94: 111.6368 | AV94: 111.6813 | BH94: 3 | BI94: 1 | BJ94: 2025-11-17_10h06.58.143 | BK94: solo project | BM94: 2025.1.1 | BN94: 120.0969 | BO94: 2025-11-17 10h07.04.593858 +0530 | BQ94: 03_solo project_2025-11-17_10h06.58.143.csv
A95: rain | B95: engine | C95: unrelated | D95: word | E95: m | F95: 96 | G95: 96 | H95: 0 | I95: m | J95: 1 | K95: 0.510222 | L95: None | M95: 0 | N95: 96 | O95: 96 | P95: 42 | Q95: 112.5071 | AD95: 112.4989 | AE95: 112.5071 | AF95: 112.6472 | AG95: 112.6473 | AH95: 112.6538 | AI95: 112.6868 | AJ95: 112.6903 | AK95: 112.6974 | AL95: 112.6974 | AN95: 113.2152 | AO95: m | AP95: 1 | AQ95: 0.510222 | AR95: None | AS95: m | AT95: TRUE | AU95: 112.6538 | AV95: 112.6974 | BH95: 3 | BI95: 1 | BJ95: 2025-11-17_10h06.58.143 | BK95: solo project | BM95: 2025.1.1 | BN95: 120.0969 | BO95: 2025-11-17 10h07.04.593858 +0530 | BQ95: 03_solo project_2025-11-17_10h06.58.143.csv
A96: fire | B96: blanketi | C96: unrelated | D96: nonword | E96: z | F96: 97 | G96: 97 | H96: 0 | I96: z | J96: 1 | K96: 0.509833 | L96: None | M96: 0 | N96: 97 | O96: 97 | P96: 89 | Q96: 113.2254 | AD96: 113.2156 | AE96: 113.2254 | AF96: 113.3633 | AG96: 113.3634 | AH96: 113.3699 | AI96: 113.4033 | AJ96: 113.4071 | AK96: 113.4298 | AL96: 113.4298 | AN96: 113.9492 | AO96: z | AP96: 1 | AQ96: 0.509833 | AR96: None | AS96: z | AT96: TRUE | AU96: 113.3699 | AV96: 113.4298 | BH96: 3 | BI96: 1 | BJ96: 2025-11-17_10h06.58.143 | BK96: solo project | BM96: 2025.1.1 | BN96: 120.0969 | BO96: 2025-11-17 10h07.04.593858 +0530 | BQ96: 03_solo project_2025-11-17_10h06.58.143.csv
A97: king | B97: queen | C97: related | D97: word | E97: m | F97: 98 | G97: 98 | H97: 0 | I97: m | J97: 1 | K97: 0.978839 | L97: None | M97: 0 | N97: 98 | O97: 98 | P97: 13 | Q97: 113.9595 | AD97: 113.9497 | AE97: 113.9595 | AF97: 114.0974 | AG97: 114.0974 | AH97: 114.1035 | AI97: 114.137 | AJ97: 114.1405 | AK97: 114.1627 | AL97: 114.1627 | AN97: 115.1485 | AO97: m | AP97: 1 | AQ97: 0.978839 | AR97: None | AS97: m | AT97: TRUE | AU97: 114.1035 | AV97: 114.1627 | BH97: 3 | BI97: 1 | BJ97: 2025-11-17_10h06.58.143 | BK97: solo project | BM97: 2025.1.1 | BN97: 120.0969 | BO97: 2025-11-17 10h07.04.593858 +0530 | BQ97: 03_solo project_2025-11-17_10h06.58.143.csv
A98: road | B98: street | C98: related | D98: word | E98: m | F98: 99 | G98: 99 | H98: 0 | I98: m | J98: 1 | K98: 0.471287 | L98: None | M98: 0 | N98: 99 | O98: 99 | P98: 19 | Q98: 115.1587 | AD98: 115.149 | AE98: 115.1587 | AF98: 115.2967 | AG98: 115.2968 | AH98: 115.3034 | AI98: 115.3365 | AJ98: 115.34 | AK98: 115.3473 | AL98: 115.3473 | AN98: 115.8219 | AO98: m | AP98: 1 | AQ98: 0.471287 | AR98: None | AS98: m | AT98: TRUE | AU98: 115.3034 | AV98: 115.3473 | BH98: 3 | BI98: 1 | BJ98: 2025-11-17_10h06.58.143 | BK98: solo project | BM98: 2025.1.1 | BN98: 120.0969 | BO98: 2025-11-17 10h07.04.593858 +0530 | BQ98: 03_solo project_2025-11-17_10h06.58.143.csv

Sheet P4
A1: prime | B1: target | C1: relation | D1: target_type | E1: correct_key | F1: thisN | G1: thisTrialN | H1: thisRepN | I1: key_resp.keys | J1: key_resp.corr | K1: key_resp.rt | L1: key_resp.duration | M1: trials.thisRepN | N1: trials.thisTrialN | O1: trials.thisN | P1: trials.thisIndex | Q1: thisRow.t | R1: notes | S1: trial.started | T1: instr_text.started | U1: instr_key.started | V1: trial.stopped | W1: instr_key.keys | X1: instr_key.rt | Y1: instr_key.duration | Z1: fixation.started | AA1: fixation1.started | AB1: fixation1.stopped | AC1: fixation.stopped | AD1: prime.started | AE1: prime_text.started | AF1: prime.stopped | AG1: gap.started | AH1: gap1.started | AI1: gap.stopped | AJ1: target_response.started | AK1: target_text.started | AL1: key_resp.started | AM1: target_text.stopped | AN1: target_response.stopped | AO1: trials.key_resp.keys | AP1: trials.key_resp.corr | AQ1: trials.key_resp.rt | AR1: trials.key_resp.duration | AS1: response | AT1: correct | AU1: prime_text.stopped | AV1: gap1.stopped | AW1: iti.started | AX1: text.started | AY1: text.stopped | AZ1: iti.stopped | BA1: end.started | BB1: end_text.started | BC1: end_key.started | BD1: end.stopped | BE1: end_key.keys | BF1: end_key.rt | BG1: end_key.duration | BH1: participant | BI1: session | BJ1: date | BK1: expName | BL1: expVersion | BM1: psychopyVersion | BN1: frameRate | BO1: expStart | BP1: Unnamed: 67 | BQ1: participant_file | BR1: Unnamed: 65 | BS1: Unnamed: 66 | BT1: Unnamed: 56
A2: fire | B2: blanketi | C2: unrelated | D2: nonword | E2: z | F2: 1 | G2: 1 | H2: 0 | I2: z | J2: 1 | K2: 1.090446 | L2: None | M2: 0 | N2: 1 | O2: 1 | P2: 89 | Q2: 22.51957 | AD2: 22.5093 | AE2: 22.51957 | AF2: 22.65676 | AG2: 22.65685 | AH2: 22.66345 | AI2: 22.70693 | AJ2: 22.71129 | AK2: 22.71799 | AL2: 22.71799 | AN2: 23.81464 | AO2: z | AP2: 1 | AQ2: 1.090446 | AR2: None | AS2: z | AT2: TRUE | AU2: 22.66345 | AV2: 22.71799 | BH2: 4 | BI2: 1 | BJ2: 2025-11-17_16h26.13.514 | BK2: solo project | BM2: 2025.1.1 | BN2: 121.2402 | BO2: 2025-11-17 16h26.27.151474 +0530 | BQ2: 04_solo project_2025-11-17_16h26.13.514.csv
A3: bread | B3: musicq | C3: unrelated | D3: nonword | E3: z | F3: 2 | G3: 2 | H3: 0 | I3: z | J3: 1 | K3: 0.778587 | L3: None | M3: 0 | N3: 2 | O3: 2 | P3: 78 | Q3: 23.83241 | AD3: 23.8151 | AE3: 23.83241 | AF3: 23.96527 | AG3: 23.96531 | AH3: 23.97183 | AI3: 24.00665 | AJ3: 24.01129 | AK3: 24.01783 | AL3: 24.01783 | AN3: 24.8091 | AO3: z | AP3: 1 | AQ3: 0.778587 | AR3: None | AS3: z | AT3: TRUE | AV3: 24.01783 | BH3: 4 | BI3: 1 | BJ3: 2025-11-17_16h26.13.514 | BK3: solo project | BM3: 2025.1.1 | BN3: 121.2402 | BO3: 2025-11-17 16h26.27.151474 +0530 | BQ3: 04_solo project_2025-11-17_16h26.13.514.csv
A4: fire | B4: heatt | C4: related | D4: nonword | E4: z | F4: 3 | G4: 3 | H4: 0 | I4: z | J4: 1 | K4: 0.747885 | L4: None | M4: 0 | N4: 3 | O4: 3 | P4: 64 | Q4: 24.8195 | AD4: 24.80957 | AE4: 24.8195 | AF4: 24.95652 | AG4: 24.9566 | AH4: 24.96327 | AI4: 24.99679 | AJ4: 25.0003 | AK4: 25.02251 | AL4: 25.02251 | AN4: 25.77527 | AO4: z | AP4: 1 | AQ4: 0.747885 | AR4: None | AS4: z | AT4: TRUE | AU4: 24.96327 | AV4: 25.02251 | BH4: 4 | BI4: 1 | BJ4: 2025-11-17_16h26.13.514 | BK4: solo project | BM4: 2025.1.1 | BN4: 121.2402 | BO4: 2025-11-17 16h26.27.151474 +0530 | BQ4: 04_solo project_2025-11-17_16h26.13.514.csv
A5: bird | B5: cup | C5: unrelated | D5: word | E5: m | F5: 4 | G5: 4 | H5: 0 | I5: m | J5: 1 | K5: 0.581704 | L5: None | M5: 0 | N5: 4 | O5: 4 | P5: 35 | Q5: 25.78597 | AD5: 25.77573 | AE5: 25.78597 | AF5: 25.92339 | AG5: 25.92347 | AH5: 25.93023 | AI5: 25.96358 | AJ5: 25.96699 | AK5: 25.98367 | AL5: 25.98367 | AN5: 26.57495 | AO5: m | AP5: 1 | AQ5: 0.581704 | AR5: None | AS5: m | AT5: TRUE | AU5: 25.93023 | AV5: 25.98367 | BH5: 4 | BI5: 1 | BJ5: 2025-11-17_16h26.13.514 | BK5: solo project | BM5: 2025.1.1 | BN5: 121.2402 | BO5: 2025-11-17 16h26.27.151474 +0530 | BQ5: 04_solo project_2025-11-17_16h26.13.514.csv
A6: cat | B6: dogt | C6: related | D6: nonword | E6: z | F6: 5 | G6: 5 | H6: 0 | I6: z | J6: 1 | K6: 0.704074 | L6: None | M6: 0 | N6: 5 | O6: 5 | P6: 51 | Q6: 26.58491 | AD6: 26.57534 | AE6: 26.58491 | AF6: 26.72337 | AG6: 26.72346 | AH6: 26.73 | AI6: 26.76356 | AJ6: 26.76701 | AK6: 26.78924 | AL6: 26.78924 | AN6: 27.49869 | AO6: z | AP6: 1 | AQ6: 0.704074 | AR6: None | AS6: z | AT6: TRUE | AU6: 26.73 | AV6: 26.78924 | BH6: 4 | BI6: 1 | BJ6: 2025-11-17_16h26.13.514 | BK6: solo project | BM6: 2025.1.1 | BN6: 121.2402 | BO6: 2025-11-17 16h26.27.151474 +0530 | BQ6: 04_solo project_2025-11-17_16h26.13.514.csv
A7: ball | B7: mirror | C7: unrelated | D7: word | E7: m | F7: 6 | G7: 6 | H7: 0 | I7: m | J7: 1 | K7: 0.558879 | L7: None | M7: 0 | N7: 6 | O7: 6 | P7: 48 | Q7: 27.50923 | AD7: 27.49918 | AE7: 27.50923 | AF7: 27.647 | AG7: 27.64707 | AH7: 27.656 | AI7: 27.69015 | AJ7: 27.69446 | AK7: 27.70147 | AL7: 27.70147 | AN7: 28.26533 | AO7: m | AP7: 1 | AQ7: 0.558879 | AR7: None | AS7: m | AT7: TRUE | AU7: 27.656 | AV7: 27.70147 | BH7: 4 | BI7: 1 | BJ7: 2025-11-17_16h26.13.514 | BK7: solo project | BM7: 2025.1.1 | BN7: 121.2402 | BO7: 2025-11-17 16h26.27.151474 +0530 | BQ7: 04_solo project_2025-11-17_16h26.13.514.csv
A8: bird | B8: wingl | C8: related | D8: nonword | E8: z | F8: 7 | G8: 7 | H8: 0 | I8: z | J8: 1 | K8: 1.052179 | L8: None | M8: 0 | N8: 7 | O8: 7 | P8: 60 | Q8: 28.27567 | AD8: 28.2658 | AE8: 28.27567 | AF8: 28.41562 | AG8: 28.41568 | AH8: 28.42242 | AI8: 28.45675 | AJ8: 28.46163 | AK8: 28.46816 | AL8: 28.46816 | AN8: 29.52514 | AO8: z | AP8: 1 | AQ8: 1.052179 | AR8: None | AS8: z | AT8: TRUE | AV8: 28.46816 | BH8: 4 | BI8: 1 | BJ8: 2025-11-17_16h26.13.514 | BK8: solo project | BM8: 2025.1.1 | BN8: 121.2402 | BO8: 2025-11-17 16h26.27.151474 +0530 | BQ8: 04_solo project_2025-11-17_16h26.13.514.csv
A9: sun | B9: glassp | C9: unrelated | D9: nonword | E9: z | F9: 8 | G9: 8 | H9: 0 | I9: z | J9: 1 | K9: 0.585212 | L9: None | M9: 0 | N9: 8 | O9: 8 | P9: 77 | Q9: 29.5358 | AD9: 29.52566 | AE9: 29.5358 | AF9: 29.67303 | AG9: 29.67312 | AH9: 29.67966 | AI9: 29.71341 | AJ9: 29.71707 | AK9: 29.73908 | AL9: 29.73908 | AN9: 30.33172 | AO9: z | AP9: 1 | AQ9: 0.585212 | AR9: None | AS9: z | AT9: TRUE | AU9: 29.67966 | AV9: 29.73908 | BH9: 4 | BI9: 1 | BJ9: 2025-11-17_16h26.13.514 | BK9: solo project | BM9: 2025.1.1 | BN9: 121.2402 | BO9: 2025-11-17 16h26.27.151474 +0530 | BQ9: 04_solo project_2025-11-17_16h26.13.514.csv
A10: teacher | B10: student | C10: related | D10: word | E10: m | F10: 9 | G10: 9 | H10: 0 | I10: m | J10: 1 | K10: 0.53621 | L10: None | M10: 0 | N10: 9 | O10: 9 | P10: 4 | Q10: 30.34283 | AD10: 30.33215 | AE10: 30.34283 | AF10: 30.48084 | AG10: 30.48089 | AH10: 30.48978 | AI10: 30.52419 | AJ10: 30.52866 | AK10: 30.54009 | AL10: 30.54009 | AN10: 31.07774 | AO10: m | AP10: 1 | AQ10: 0.53621 | AR10: None | AS10: m | AT10: TRUE | AU10: 30.48978 | AV10: 30.54009 | BH10: 4 | BI10: 1 | BJ10: 2025-11-17_16h26.13.514 | BK10: solo project | BM10: 2025.1.1 | BN10: 121.2402 | BO10: 2025-11-17 16h26.27.151474 +0530 | BQ10: 04_solo project_2025-11-17_16h26.13.514.csv
A11: phone | B11: callz | C11: related | D11: nonword | E11: z | F11: 11 | G11: 11 | H11: 0 | I11: z | J11: 1 | K11: 1.232697 | L11: None | M11: 0 | N11: 11 | O11: 11 | P11: 57 | Q11: 31.86918 | AD11: 31.85894 | AE11: 31.86918 | AF11: 32.02295 | AG11: 32.02302 | AH11: 32.0403 | AI11: 32.06297 | AJ11: 32.06625 | AK11: 32.07447 | AL11: 32.07447 | AN11: 33.31507 | AO11: z | AP11: 1 | AQ11: 1.232697 | AR11: None | AS11: z | AT11: TRUE | BH11: 4 | BI11: 1 | BJ11: 2025-11-17_16h26.13.514 | BK11: solo project | BM11: 2025.1.1 | BN11: 121.2402 | BO11: 2025-11-17 16h26.27.151474 +0530 | BQ11: 04_solo project_2025-11-17_16h26.13.514.csv
A12: king | B12: queen | C12: related | D12: word | E12: m | F12: 12 | G12: 12 | H12: 0 | I12: m | J12: 1 | K12: 0.498695 | L12: None | M12: 0 | N12: 12 | O12: 12 | P12: 13 | Q12: 33.32601 | AD12: 33.31536 | AE12: 33.32601 | AF12: 33.46292 | AG12: 33.46296 | AH12: 33.47349 | AI12: 33.50681 | AJ12: 33.51168 | AK12: 33.51853 | AL12: 33.51853 | AN12: 34.02545 | AO12: m | AP12: 1 | AQ12: 0.498695 | AR12: None | AS12: m | AT12: TRUE | AU12: 33.47349 | AV12: 33.51853 | BH12: 4 | BI12: 1 | BJ12: 2025-11-17_16h26.13.514 | BK12: solo project | BM12: 2025.1.1 | BN12: 121.2402 | BO12: 2025-11-17 16h26.27.151474 +0530 | BQ12: 04_solo project_2025-11-17_16h26.13.514.csv
A13: heart | B13: mountain | C13: unrelated | D13: word | E13: m | F13: 13 | G13: 13 | H13: 0 | I13: m | J13: 1 | K13: 0.733931 | L13: None | M13: 0 | N13: 13 | O13: 13 | P13: 36 | Q13: 34.03603 | AD13: 34.02591 | AE13: 34.03603 | AF13: 34.17336 | AG13: 34.17344 | AH13: 34.18071 | AI13: 34.22378 | AJ13: 34.22751 | AK13: 34.23426 | AL13: 34.23426 | AN13: 34.97453 | AO13: m | AP13: 1 | AQ13: 0.733931 | AR13: None | AS13: m | AT13: TRUE | AU13: 34.18071 | AV13: 34.23426 | BH13: 4 | BI13: 1 | BJ13: 2025-11-17_16h26.13.514 | BK13: solo project | BM13: 2025.1.1 | BN13: 121.2402 | BO13: 2025-11-17 16h26.27.151474 +0530 | BQ13: 04_solo project_2025-11-17_16h26.13.514.csv
A14: heart | B14: beat | C14: related | D14: word | E14: m | F14: 14 | G14: 14 | H14: 0 | I14: m | J14: 1 | K14: 0.843519 | L14: None | M14: 0 | N14: 14 | O14: 14 | P14: 11 | Q14: 34.98513 | AD14: 34.97503 | AE14: 34.98513 | AF14: 35.12504 | AG14: 35.12509 | AH14: 35.1302 | AI14: 35.16367 | AJ14: 35.16712 | AK14: 35.17463 | AL14: 35.17463 | AN14: 36.02575 | AO14: m | AP14: 1 | AQ14: 0.843519 | AR14: None | AS14: m | AT14: TRUE | AU14: 35.1302 | AV14: 35.17463 | BH14: 4 | BI14: 1 | BJ14: 2025-11-17_16h26.13.514 | BK14: solo project | BM14: 2025.1.1 | BN14: 121.2402 | BO14: 2025-11-17 16h26.27.151474 +0530 | BQ14: 04_solo project_2025-11-17_16h26.13.514.csv
A15: shirt | B15: river | C15: unrelated | D15: word | E15: m | F15: 15 | G15: 15 | H15: 0 | I15: m | J15: 1 | K15: 0.574422 | L15: None | M15: 0 | N15: 15 | O15: 15 | P15: 41 | Q15: 36.03658 | AD15: 36.02617 | AE15: 36.03658 | AF15: 36.17264 | AG15: 36.17269 | AH15: 36.17903 | AI15: 36.21429 | AJ15: 36.22178 | AK15: 36.22967 | AL15: 36.22967 | AN15: 36.80739 | AO15: m | AP15: 1 | AQ15: 0.574422 | AR15: None | AS15: m | AT15: TRUE | AU15: 36.17903 | AV15: 36.22967 | BH15: 4 | BI15: 1 | BJ15: 2025-11-17_16h26.13.514 | BK15: solo project | BM15: 2025.1.1 | BN15: 121.2402 | BO15: 2025-11-17 16h26.27.151474 +0530 | BQ15: 04_solo project_2025-11-17_16h26.13.514.csv
A16: ball | B16: mirrord | C16: unrelated | D16: nonword | E16: z | F16: 16 | G16: 16 | H16: 0 | I16: z | J16: 1 | K16: 0.71371 | L16: None | M16: 0 | N16: 16 | O16: 16 | P16: 98 | Q16: 36.81781 | AD16: 36.80775 | AE16: 36.81781 | AF16: 36.95852 | AG16: 36.9586 | AH16: 36.96617 | AI16: 37.00707 | AJ16: 37.01086 | AK16: 37.0174 | AL16: 37.0174 | AN16: 37.74153 | AO16: z | AP16: 1 | AQ16: 0.71371 | AR16: None | AS16: z | AT16: TRUE | AU16: 36.96617 | AV16: 37.0174 | BH16: 4 | BI16: 1 | BJ16: 2025-11-17_16h26.13.514 | BK16: solo project | BM16: 2025.1.1 | BN16: 121.2402 | BO16: 2025-11-17 16h26.27.151474 +0530 | BQ16: 04_solo project_2025-11-17_16h26.13.514.csv
A17: shoe | B17: keyboardm | C17: unrelated | D17: nonword | E17: z | F17: 17 | G17: 17 | H17: 0 | I17: z | J17: 1 | K17: 0.973528 | L17: None | M17: 0 | N17: 17 | O17: 17 | P17: 96 | Q17: 37.75198 | AD17: 37.74188 | AE17: 37.75198 | AF17: 37.89026 | AG17: 37.89034 | AH17: 37.89692 | AI17: 37.9302 | AJ17: 37.93499 | AK17: 37.94191 | AL17: 37.94191 | AN17: 38.9253 | AO17: z | AP17: 1 | AQ17: 0.973528 | AR17: None | AS17: z | AT17: TRUE | AU17: 37.89692 | AV17: 37.94191 | BH17: 4 | BI17: 1 | BJ17: 2025-11-17_16h26.13.514 | BK17: solo project | BM17: 2025.1.1 | BN17: 121.2402 | BO17: 2025-11-17 16h26.27.151474 +0530 | BQ17: 04_solo project_2025-11-17_16h26.13.514.csv
A18: mother | B18: bottlex | C18: unrelated | D18: nonword | E18: z | F18: 18 | G18: 18 | H18: 0 | I18: z | J18: 1 | K18: 0.704432 | L18: None | M18: 0 | N18: 18 | O18: 18 | P18: 80 | Q18: 38.93592 | AD18: 38.92575 | AE18: 38.93592 | AF18: 39.07202 | AG18: 39.07208 | AH18: 39.07865 | AI18: 39.11276 | AJ18: 39.11642 | AK18: 39.12364 | AL18: 39.12364 | AN18: 39.83177 | AO18: z | AP18: 1 | AQ18: 0.704432 | AR18: None | AS18: z | AT18: TRUE | AU18: 39.07865 | AV18: 39.12364 | BH18: 4 | BI18: 1 | BJ18: 2025-11-17_16h26.13.514 | BK18: solo project | BM18: 2025.1.1 | BN18: 121.2402 | BO18: 2025-11-17 16h26.27.151474 +0530 | BQ18: 04_solo project_2025-11-17_16h26.13.514.csv
A19: teacher | B19: banana | C19: unrelated | D19: word | E19: m | F19: 19 | G19: 19 | H19: 0 | I19: m | J19: 1 | K19: 0.682691 | L19: None | M19: 0 | N19: 19 | O19: 19 | P19: 29 | Q19: 39.84201 | AD19: 39.83227 | AE19: 39.84201 | AF19: 39.98001 | AG19: 39.98007 | AH19: 39.98958 | AI19: 40.02312 | AJ19: 40.02686 | AK19: 40.0334 | AL19: 40.0334 | AN19: 40.7255 | AO19: m | AP19: 1 | AQ19: 0.682691 | AR19: None | AS19: m | AT19: TRUE | AU19: 39.98958 | AV19: 40.0334 | BH19: 4 | BI19: 1 | BJ19: 2025-11-17_16h26.13.514 | BK19: solo project | BM19: 2025.1.1 | BN19: 121.2402 | BO19: 2025-11-17 16h26.27.151474 +0530 | BQ19: 04_solo project_2025-11-17_16h26.13.514.csv
A20: salt | B20: peppero | C20: related | D20: nonword | E20: z | F20: 20 | G20: 20 | H20: 0 | I20: z | J20: 1 | K20: 0.720423 | L20: None | M20: 0 | N20: 20 | O20: 20 | P20: 72 | Q20: 40.73617 | AD20: 40.72591 | AE20: 40.73617 | AF20: 40.87288 | AG20: 40.87295 | AH20: 40.87948 | AI20: 40.91345 | AJ20: 40.91774 | AK20: 40.92459 | AL20: 40.92459 | AN20: 41.64828 | AO20: z | AP20: 1 | AQ20: 0.720423 | AR20: None | AS20: z | AT20: TRUE | AU20: 40.87948 | AV20: 40.92459 | BH20: 4 | BI20: 1 | BJ20: 2025-11-17_16h26.13.514 | BK20: solo project | BM20: 2025.1.1 | BN20: 121.2402 | BO20: 2025-11-17 16h26.27.151474 +0530 | BQ20: 04_solo project_2025-11-17_16h26.13.514.csv
A21: book | B21: hammerr | C21: unrelated | D21: nonword | E21: z | F21: 21 | G21: 21 | H21: 0 | I21: z | J21: 1 | K21: 0.841022 | L21: None | M21: 0 | N21: 21 | O21: 21 | P21: 83 | Q21: 41.65875 | AD21: 41.64878 | AE21: 41.65875 | AF21: 41.79726 | AG21: 41.79733 | AH21: 41.80587 | AI21: 41.83967 | AJ21: 41.84341 | AK21: 41.84999 | AL21: 41.84999 | AN21: 42.69843 | AO21: z | AP21: 1 | AQ21: 0.841022 | AR21: None | AS21: z | AT21: TRUE | AU21: 41.80587 | AV21: 41.84999 | BH21: 4 | BI21: 1 | BJ21: 2025-11-17_16h26.13.514 | BK21: solo project | BM21: 2025.1.1 | BN21: 121.2402 | BO21: 2025-11-17 16h26.27.151474 +0530 | BQ21: 04_solo project_2025-11-17_16h26.13.514.csv
A22: tree | B22: leaf | C22: related | D22: word | E22: m | F22: 22 | G22: 22 | H22: 0 | I22: m | J22: 1 | K22: 0.700652 | L22: None | M22: 0 | N22: 22 | O22: 22 | P22: 20 | Q22: 42.70911 | AD22: 42.69885 | AE22: 42.70911 | AF22: 42.84707 | AG22: 42.84712 | AH22: 42.85619 | AI22: 42.89022 | AJ22: 42.89374 | AK22: 42.90036 | AL22: 42.90036 | AN22: 43.60811 | AO22: m | AP22: 1 | AQ22: 0.700652 | AR22: None | AS22: m | AT22: TRUE | AU22: 42.85619 | AV22: 42.90036 | BH22: 4 | BI22: 1 | BJ22: 2025-11-17_16h26.13.514 | BK22: solo project | BM22: 2025.1.1 | BN22: 121.2402 | BO22: 2025-11-17 16h26.27.151474 +0530 | BQ22: 04_solo project_2025-11-17_16h26.13.514.csv
A23: shoe | B23: sock | C23: related | D23: word | E23: m | F23: 24 | G23: 24 | H23: 0 | I23: m | J23: 1 | K23: 1.328739 | L23: None | M23: 0 | N23: 24 | O23: 24 | P23: 21 | Q23: 44.55887 | AD23: 44.54832 | AE23: 44.55887 | AF23: 44.69638 | AG23: 44.69645 | AH23: 44.70626 | AI23: 44.74007 | AJ23: 44.74362 | AK23: 44.7502 | AL23: 44.7502 | AN23: 46.08165 | AO23: m | AP23: 1 | AQ23: 1.328739 | AR23: None | AS23: m | AT23: TRUE | AU23: 44.70626 | AV23: 44.7502 | BH23: 4 | BI23: 1 | BJ23: 2025-11-17_16h26.13.514 | BK23: solo project | BM23: 2025.1.1 | BN23: 121.2402 | BO23: 2025-11-17 16h26.27.151474 +0530 | BQ23: 04_solo project_2025-11-17_16h26.13.514.csv
... A32: book | B32: page | C32: related | D32: word | E32: m | F32: 35 | G32: 35 | H32: 0 | I32: m | J32: 1 | K32: 0.826198 | L32: None | M32: 0 | N32: 35 | O32: 35 | P32: 8 | Q32: 56.91881 | AD32: 56.90886 | AE32: 56.91881 | AF32: 57.05667 | AG32: 57.05674 | AH32: 57.06297 | AI32: 57.09641 | AJ32: 57.10037 | AK32: 57.12241 | AL32: 57.12241 | AN32: 57.95846 | AO32: m | AP32: 1 | AQ32: 0.826198 | AR32: None | AS32: m | AT32: TRUE | AU32: 57.06297 | AV32: 57.12241 | BH32: 4 | BI32: 1 | BJ32: 2025-11-17_16h26.13.514 | BK32: solo project | BM32: 2025.1.1 | BN32: 121.2402 | BO32: 2025-11-17 16h26.27.151474 +0530 | BQ32: 04_solo project_2025-11-17_16h26.13.514.csv
A33: shoe | B33: keyboard | C33: unrelated | D33: word | E33: m | F33: 36 | G33: 36 | H33: 0 | I33: m | J33: 1 | K33: 1.903296 | L33: None | M33: 0 | N33: 36 | O33: 36 | P33: 46 | Q33: 57.96882 | AD33: 57.95887 | AE33: 57.96882 | AF33: 58.10851 | AG33: 58.10859 | AH33: 58.11624 | AI33: 58.15664 | AJ33: 58.16075 | AK33: 58.16735 | AL33: 58.16735 | AM33: 59.6624 | AN33: 60.07481 | AO33: m | AP33: 1 | AQ33: 1.903296 | AR33: None | AS33: m | AT33: TRUE | AU33: 58.11624 | AV33: 58.16735 | BH33: 4 | BI33: 1 | BJ33: 2025-11-17_16h26.13.514 | BK33: solo project | BM33: 2025.1.1 | BN33: 121.2402 | BO33: 2025-11-17 16h26.27.151474 +0530 | BQ33: 04_solo project_2025-11-17_16h26.13.514.csv
A34: shirt | B34: clothp | C34: related | D34: nonword | E34: z | F34: 37 | G34: 37 | H34: 0 | I34: z | J34: 1 | K34: 0.836644 | L34: None | M34: 0 | N34: 37 | O34: 37 | P34: 66 | Q34: 60.08358 | AD34: 60.07532 | AE34: 60.08358 | AF34: 60.22336 | AG34: 60.22344 | AH34: 60.23003 | AI34: 60.26331 | AJ34: 60.26703 | AK34: 60.28786 | AL34: 60.28786 | AN34: 61.13194 | AO34: z | AP34: 1 | AQ34: 0.836644 | AR34: None | AS34: z | AT34: TRUE | AU34: 60.23003 | AV34: 60.28786 | BH34: 4 | BI34: 1 | BJ34: 2025-11-17_16h26.13.514 | BK34: solo project | BM34: 2025.1.1 | BN34: 121.2402 | BO34: 2025-11-17 16h26.27.151474 +0530 | BQ34: 04_solo project_2025-11-17_16h26.13.514.csv
A35: rain | B35: enginez | C35: unrelated | D35: nonword | E35: z | F35: 38 | G35: 38 | H35: 0 | I35: z | J35: 1 | K35: 0.634659 | L35: None | M35: 0 | N35: 38 | O35: 38 | P35: 92 | Q35: 61.1419 | AD35: 61.13242 | AE35: 61.1419 | AF35: 61.28053 | AG35: 61.28057 | AH35: 61.28938 | AI35: 61.32357 | AJ35: 61.32767 | AK35: 61.33422 | AL35: 61.33422 | AN35: 61.97443 | AO35: z | AP35: 1 | AQ35: 0.634659 | AR35: None | AS35: z | AT35: TRUE | AU35: 61.28938 | AV35: 61.33422 | BH35: 4 | BI35: 1 | BJ35: 2025-11-17_16h26.13.514 | BK35: solo project | BM35: 2025.1.1 | BN35: 121.2402 | BO35: 2025-11-17 16h26.27.151474 +0530 | BQ35: 04_solo project_2025-11-17_16h26.13.514.csv
A36: road | B36: candley | C36: unrelated | D36: nonword | E36: z | F36: 39 | G36: 39 | H36: 0 | I36: z | J36: 1 | K36: 0.559577 | L36: None | M36: 0 | N36: 39 | O36: 39 | P36: 94 | Q36: 61.98485 | AD36: 61.97485 | AE36: 61.98485 | AF36: 62.12365 | AG36: 62.12373 | AH36: 62.13069 | AI36: 62.16348 | AJ36: 62.16706 | AK36: 62.18894 | AL36: 62.18894 | AN36: 62.75798 | AO36: z | AP36: 1 | AQ36: 0.559577 | AR36: None | AS36: z | AT36: TRUE | AU36: 62.13069 | AV36: 62.18894 | BH36: 4 | BI36: 1 | BJ36: 2025-11-17_16h26.13.514 | BK36: solo project | BM36: 2025.1.1 | BN36: 121.2402 | BO36: 2025-11-17 16h26.27.151474 +0530 | BQ36: 04_solo project_2025-11-17_16h26.13.514.csv
A37: king | B37: markerv | C37: unrelated | D37: nonword | E37: z | F37: 40 | G37: 40 | H37: 0 | I37: z | J37: 1 | K37: 0.672934 | L37: None | M37: 0 | N37: 40 | O37: 40 | P37: 88 | Q37: 62.76833 | AD37: 62.75853 | AE37: 62.76833 | AF37: 62.90668 | AG37: 62.90677 | AH37: 62.91322 | AI37: 62.94606 | AJ37: 62.94945 | AK37: 62.9566 | AL37: 62.9566 | AN37: 63.64186 | AO37: z | AP37: 1 | AQ37: 0.672934 | AR37: None | AS37: z | AT37: TRUE | AU37: 62.91322 | AV37: 62.9566 | BH37: 4 | BI37: 1 | BJ37: 2025-11-17_16h26.13.514 | BK37: solo project | BM37: 2025.1.1 | BN37: 121.2402 | BO37: 2025-11-17 16h26.27.151474 +0530 | BQ37: 04_solo project_2025-11-17_16h26.13.514.csv
A38: road | B38: candle | C38: unrelated | D38: word | E38: m | F38: 41 | G38: 41 | H38: 0 | I38: m | J38: 1 | K38: 0.595989 | L38: None | M38: 0 | N38: 41 | O38: 41 | P38: 44 | Q38: 63.65247 | AD38: 63.64244 | AE38: 63.65247 | AF38: 63.7893 | AG38: 63.78935 | AH38: 63.79546 | AI38: 63.82992 | AJ38: 63.83422 | AK38: 63.84158 | AL38: 63.84158 | AN38: 64.44105 | AO38: m | AP38: 1 | AQ38: 0.595989 | AR38: None | AS38: m | AT38: TRUE | AU38: 63.79546 | AV38: 63.84158 | BH38: 4 | BI38: 1 | BJ38: 2025-11-17_16h26.13.514 | BK38: solo project | BM38: 2025.1.1 | BN38: 121.2402 | BO38: 2025-11-17 16h26.27.151474 +0530 | BQ38: 04_solo project_2025-11-17_16h26.13.514.csv
A39: king | B39: queenm | C39: related | D39: nonword | E39: z | F39: 42 | G39: 42 | H39: 0 | I39: z | J39: 1 | K39: 0.837546 | L39: None | M39: 0 | N39: 42 | O39: 42 | P39: 63 | Q39: 64.44948 | AD39: 64.44142 | AE39: 64.44948 | AF39: 64.59007 | AG39: 64.59014 | AH39: 64.59667 | AI39: 64.63109 | AJ39: 64.6348 | AK39: 64.64194 | AL39: 64.64194 | AN39: 65.4823 | AO39: z | AP39: 1 | AQ39: 0.837546 | AR39: None | AS39: z | AT39: TRUE | AU39: 64.59667 | AV39: 64.64194 | BH39: 4 | BI39: 1 | BJ39: 2025-11-17_16h26.13.514 | BK39: solo project | BM39: 2025.1.1 | BN39: 121.2402 | BO39: 2025-11-17 16h26.27.151474 +0530 | BQ39: 04_solo project_2025-11-17_16h26.13.514.csv
A40: sun | B40: lighta | C40: related | D40: nonword | E40: z | F40: 43 | G40: 43 | H40: 0 | I40: z | J40: 1 | K40: 0.756512 | L40: None | M40: 0 | N40: 43 | O40: 43 | P40: 52 | Q40: 65.49219 | AD40: 65.48267 | AE40: 65.49219 | AF40: 65.63159 | AG40: 65.63167 | AH40: 65.63973 | AI40: 65.67343 | AJ40: 65.67733 | AK40: 65.68395 | AL40: 65.68395 | AN40: 66.44783 | AO40: z | AP40: 1 | AQ40: 0.756512 | AR40: None | AS40: z | AT40: TRUE | AU40: 65.63973 | AV40: 65.68395 | BH40: 4 | BI40: 1 | BJ40: 2025-11-17_16h26.13.514 | BK40: solo project | BM40: 2025.1.1 | BN40: 121.2402 | BO40: 2025-11-17 16h26.27.151474 +0530 | BQ40: 04_solo project_2025-11-17_16h26.13.514.csv
A41: phone | B41: forestt | C41: unrelated | D41: nonword | E41: z | F41: 44 | G41: 44 | H41: 0 | I41: z | J41: 1 | K41: 0.755846 | L41: None | M41: 0 | N41: 44 | O41: 44 | P41: 82 | Q41: 66.45857 | AD41: 66.44824 | AE41: 66.45857 | AF41: 66.59672 | AG41: 66.59677 | AH41: 66.606 | AI41: 66.64018 | AJ41: 66.64406 | AK41: 66.65062 | AL41: 66.65062 | AN41: 67.40869 | AO41: z | AP41: 1 | AQ41: 0.755846 | AR41: None | AS41: z | AT41: TRUE | AU41: 66.606 | AV41: 66.65062 | BH41: 4 | BI41: 1 | BJ41: 2025-11-17_16h26.13.514 | BK41: solo project | BM41: 2025.1.1 | BN41: 121.2402 | BO41: 2025-11-17 16h26.27.151474 +0530 | BQ41: 04_solo project_2025-11-17_16h26.13.514.csv
A42: doctor | B42: nurse | C42: related | D42: word | E42: m | F42: 45 | G42: 45 | H42: 0 | I42: m | J42: 1 | K42: 0.580523 | L42: None | M42: 0 | N42: 45 | O42: 45 | P42: 0 | Q42: 67.41872 | AD42: 67.40914 | AE42: 67.41872 | AF42: 67.55629 | AG42: 67.55637 | AH42: 67.56291 | AI42: 67.59573 | AJ42: 67.59983 | AK42: 67.6069 | AL42: 67.6069 | AN42: 68.1913 | AO42: m | AP42: 1 | AQ42: 0.580523 | AR42: None | AS42: m | AT42: TRUE | AU42: 67.56291 | AV42: 67.6069 | BH42: 4 | BI42: 1 | BJ42: 2025-11-17_16h26.13.514 | BK42: solo project | BM42: 2025.1.1 | BN42: 121.2402 | BO42: 2025-11-17 16h26.27.151474 +0530 | BQ42: 04_solo project_2025-11-17_16h26.13.514.csv
A43: tree | B43: speakert | C43: unrelated | D43: nonword | E43: z | F43: 46 | G43: 46 | H43: 0 | I43: z | J43: 1 | K43: 0.736892 | L43: None | M43: 0 | N43: 46 | O43: 46 | P43: 95 | Q43: 68.19994 | AD43: 68.19169 | AE43: 68.19994 | AF43: 68.33957 | AG43: 68.33964 | AH43: 68.34588 | AI43: 68.3796 | AJ43: 68.38339 | AK43: 68.40553 | AL43: 68.40553 | AN43: 69.14822 | AO43: z | AP43: 1 | AQ43: 0.736892 | AR43: None | AS43: z | AT43: TRUE | AU43: 68.34588 | AV43: 68.40553 | BH43: 4 | BI43: 1 | BJ43: 2025-11-17_16h26.13.514 | BK43: solo project | BM43: 2025.1.1 | BN43: 121.2402 | BO43: 2025-11-17 16h26.27.151474 +0530 | BQ43: 04_solo project_2025-11-17_16h26.13.514.csv
A44: cup | B44: teaf | C44: related | D44: nonword | E44: z | F44: 47 | G44: 47 | H44: 0 | I44: z | J44: 1 | K44: 0.734181 | L44: None | M44: 0 | N44: 47 | O44: 47 | P44: 65 | Q44: 69.15881 | AD44: 69.14867 | AE44: 69.15881 | AF44: 69.2964 | AG44: 69.29646 | AH44: 69.30599 | AI44: 69.33989 | AJ44: 69.3445 | AK44: 69.35124 | AL44: 69.35124 | AN44: 70.09149 | AO44: z | AP44: 1 | AQ44: 0.734181 | AR44: None | AS44: z | AT44: TRUE | AU44: 69.30599 | AV44: 69.35124 | BH44: 4 | BI44: 1 | BJ44: 2025-11-17_16h26.13.514 | BK44: solo project | BM44: 2025.1.1 | BN44: 121.2402 | BO44: 2025-11-17 16h26.27.151474 +0530 | BQ44: 04_solo project_2025-11-17_16h26.13.514.csv
A45: ball | B45: gameu | C45: related | D45: nonword | E45: z | F45: 48 | G45: 48 | H45: 0 | I45: z | J45: 1 | K45: 0.713703 | L45: None | M45: 0 | N45: 48 | O45: 48 | P45: 73 | Q45: 70.10203 | AD45: 70.09202 | AE45: 70.10203 | AF45: 70.23956 | AG45: 70.23963 | AH45: 70.24647 | AI45: 70.27972 | AJ45: 70.28318 | AK45: 70.30565 | AL45: 70.30565 | AN45: 71.02455 | AO45: z | AP45: 1 | AQ45: 0.713703 | AR45: None | AS45: z | AT45: TRUE | AU45: 70.24647 | AV45: 70.30565 | BH45: 4 | BI45: 1 | BJ45: 2025-11-17_16h26.13.514 | BK45: solo project | BM45: 2025.1.1 | BN45: 121.2402 | BO45: 2025-11-17 16h26.27.151474 +0530 | BQ45: 04_solo project_2025-11-17_16h26.13.514.csv
... A55: road | B55: street | C55: related | D55: word | E55: m | F55: 58 | G55: 58 | H55: 0 | I55: m | J55: 1 | K55: 0.688938 | L55: None | M55: 0 | N55: 58 | O55: 58 | P55: 19 | Q55: 79.3253 | AD55: 79.31553 | AE55: 79.3253 | AF55: 79.46336 | AG55: 79.46342 | AH55: 79.47295 | AI55: 79.50637 | AJ55: 79.51063 | AK55: 79.51726 | AL55: 79.51726 | AN55: 80.21466 | AO55: m | AP55: 1 | AQ55: 0.688938 | AR55: None | AS55: m | AT55: TRUE | AU55: 79.47295 | AV55: 79.51726 | BH55: 4 | BI55: 1 | BJ55: 2025-11-17_16h26.13.514 | BK55: solo project | BM55: 2025.1.1 | BN55: 121.2402 | BO55: 2025-11-17 16h26.27.151474 +0530 | BQ55: 04_solo project_2025-11-17_16h26.13.514.csv
A56: flower | B56: bottle | C56: unrelated | D56: word | E56: m | F56: 59 | G56: 59 | H56: 0 | I56: m | J56: 1 | K56: 1.472932 | L56: None | M56: 0 | N56: 59 | O56: 59 | P56: 49 | Q56: 80.22521 | AD56: 80.21511 | AE56: 80.22521 | AF56: 80.37248 | AG56: 80.37256 | AH56: 80.38958 | AI56: 80.42293 | AJ56: 80.42753 | AK56: 80.43425 | AL56: 80.43425 | AN56: 81.9145 | AO56: m | AP56: 1 | AQ56: 1.472932 | AR56: None | AS56: m | AT56: TRUE | BH56: 4 | BI56: 1 | BJ56: 2025-11-17_16h26.13.514 | BK56: solo project | BM56: 2025.1.1 | BN56: 121.2402 | BO56: 2025-11-17 16h26.27.151474 +0530 | BQ56: 04_solo project_2025-11-17_16h26.13.514.csv
A57: car | B57: enginek | C57: related | D57: nonword | E57: z | F57: 60 | G57: 60 | H57: 0 | I57: z | J57: 1 | K57: 0.578742 | L57: None | M57: 0 | N57: 60 | O57: 60 | P57: 56 | Q57: 81.92532 | AD57: 81.91496 | AE57: 81.92532 | AF57: 82.06319 | AG57: 82.06325 | AH57: 82.07272 | AI57: 82.10644 | AJ57: 82.11082 | AK57: 82.11736 | AL57: 82.11736 | AN57: 82.69837 | AO57: z | AP57: 1 | AQ57: 0.578742 | AR57: None | AS57: z | AT57: TRUE | AU57: 82.07272 | AV57: 82.11736 | BH57: 4 | BI57: 1 | BJ57: 2025-11-17_16h26.13.514 | BK57: solo project | BM57: 2025.1.1 | BN57: 121.2402 | BO57: 2025-11-17 16h26.27.151474 +0530 | BQ57: 04_solo project_2025-11-17_16h26.13.514.csv
A58: shoe | B58: sockp | C58: related | D58: nonword | E58: z | F58: 61 | G58: 61 | H58: 0 | I58: z | J58: 1 | K58: 0.850444 | L58: None | M58: 0 | N58: 61 | O58: 61 | P58: 71 | Q58: 82.70877 | AD58: 82.6989 | AE58: 82.70877 | AF58: 82.8466 | AG58: 82.84664 | AH58: 82.85633 | AI58: 82.88934 | AJ58: 82.89311 | AK58: 82.89968 | AL58: 82.89968 | AN58: 83.75776 | AO58: z | AP58: 1 | AQ58: 0.850444 | AR58: None | AS58: z | AT58: TRUE | AU58: 82.85633 | AV58: 82.89968 | BH58: 4 | BI58: 1 | BJ58: 2025-11-17_16h26.13.514 | BK58: solo project | BM58: 2025.1.1 | BN58: 121.2402 | BO58: 2025-11-17 16h26.27.151474 +0530 | BQ58: 04_solo project_2025-11-17_16h26.13.514.csv
A59: music | B59: plate | C59: unrelated | D59: word | E59: m | F59: 62 | G59: 62 | H59: 0 | I59: m | J59: 1 | K59: 0.631533 | L59: None | M59: 0 | N59: 62 | O59: 62 | P59: 37 | Q59: 83.76607 | AD59: 83.75806 | AE59: 83.76607 | AF59: 83.90631 | AG59: 83.90638 | AH59: 83.91298 | AI59: 83.95658 | AJ59: 83.95996 | AK59: 83.96664 | AL59: 83.96664 | AN59: 84.60873 | AO59: m | AP59: 1 | AQ59: 0.631533 | AR59: None | AS59: m | AT59: TRUE | AU59: 83.91298 | AV59: 83.96664 | BH59: 4 | BI59: 1 | BJ59: 2025-11-17_16h26.13.514 | BK59: solo project | BM59: 2025.1.1 | BN59: 121.2402 | BO59: 2025-11-17 16h26.27.151474 +0530 | BQ59: 04_solo project_2025-11-17_16h26.13.514.csv
A60: music | B60: song | C60: related | D60: word | E60: m | F60: 63 | G60: 63 | H60: 0 | I60: m | J60: 1 | K60: 1.324623 | L60: None | M60: 0 | N60: 63 | O60: 63 | P60: 12 | Q60: 84.61903 | AD60: 84.60921 | AE60: 84.61903 | AF60: 84.75641 | AG60: 84.75647 | AH60: 84.76309 | AI60: 84.79653 | AJ60: 84.79974 | AK60: 84.80839 | AL60: 84.80839 | AN60: 86.14164 | AO60: m | AP60: 1 | AQ60: 1.324623 | AR60: None | AS60: m | AT60: TRUE | AU60: 84.76309 | AV60: 84.80839 | BH60: 4 | BI60: 1 | BJ60: 2025-11-17_16h26.13.514 | BK60: solo project | BM60: 2025.1.1 | BN60: 121.2402 | BO60: 2025-11-17 16h26.27.151474 +0530 | BQ60: 04_solo project_2025-11-17_16h26.13.514.csv
A61: book | B61: hammer | C61: unrelated | D61: word | E61: m | F61: 64 | G61: 64 | H61: 0 | I61: m | J61: 1 | K61: 0.8281 | L61: None | M61: 0 | N61: 64 | O61: 64 | P61: 33 | Q61: 86.1519 | AD61: 86.14205 | AE61: 86.1519 | AF61: 86.29007 | AG61: 86.29016 | AH61: 86.29681 | AI61: 86.32987 | AJ61: 86.33411 | AK61: 86.34092 | AL61: 86.34092 | AN61: 87.17493 | AO61: m | AP61: 1 | AQ61: 0.8281 | AR61: None | AS61: m | AT61: TRUE | AU61: 86.29681 | AV61: 86.34092 | BH61: 4 | BI61: 1 | BJ61: 2025-11-17_16h26.13.514 | BK61: solo project | BM61: 2025.1.1 | BN61: 121.2402 | BO61: 2025-11-17 16h26.27.151474 +0530 | BQ61: 04_solo project_2025-11-17_16h26.13.514.csv
A62: sun | B62: light | C62: related | D62: word | E62: m | F62: 65 | G62: 65 | H62: 0 | I62: m | J62: 1 | K62: 0.612666 | L62: None | M62: 0 | N62: 65 | O62: 65 | P62: 2 | Q62: 87.18544 | AD62: 87.17543 | AE62: 87.18544 | AF62: 87.32262 | AG62: 87.32271 | AH62: 87.32928 | AI62: 87.36264 | AJ62: 87.36623 | AK62: 87.37332 | AL62: 87.37332 | AN62: 87.99087 | AO62: m | AP62: 1 | AQ62: 0.612666 | AR62: None | AS62: m | AT62: TRUE | AU62: 87.32928 | AV62: 87.37332 | BH62: 4 | BI62: 1 | BJ62: 2025-11-17_16h26.13.514 | BK62: solo project | BM62: 2025.1.1 | BN62: 121.2402 | BO62: 2025-11-17 16h26.27.151474 +0530 | BQ62: 04_solo project_2025-11-17_16h26.13.514.csv
A63: phone | B63: forest | C63: unrelated | D63: word | E63: m | F63: 66 | G63: 66 | H63: 0 | I63: m | J63: 1 | K63: 0.894268 | L63: None | M63: 0 | N63: 66 | O63: 66 | P63: 32 | Q63: 88.00098 | AD63: 87.99125 | AE63: 88.00098 | AF63: 88.13931 | AG63: 88.13938 | AH63: 88.14586 | AI63: 88.17942 | AJ63: 88.18322 | AK63: 88.20568 | AL63: 88.20568 | AN63: 89.10843 | AO63: m | AP63: 1 | AQ63: 0.894268 | AR63: None | AS63: m | AT63: TRUE | AU63: 88.14586 | AV63: 88.20568 | BH63: 4 | BI63: 1 | BJ63: 2025-11-17_16h26.13.514 | BK63: solo project | BM63: 2025.1.1 | BN63: 121.2402 | BO63: 2025-11-17 16h26.27.151474 +0530 | BQ63: 04_solo project_2025-11-17_16h26.13.514.csv
A64: river | B64: chairy | C64: unrelated | D64: nonword | E64: z | F64: 67 | G64: 67 | H64: 0 | I64: z | J64: 1 | K64: 0.988373 | L64: None | M64: 0 | N64: 67 | O64: 67 | P64: 84 | Q64: 89.11869 | AD64: 89.10883 | AE64: 89.11869 | AF64: 89.2563 | AG64: 89.25637 | AH64: 89.26263 | AI64: 89.29609 | AJ64: 89.30044 | AK64: 89.30755 | AL64: 89.30755 | AN64: 90.2984 | AO64: z | AP64: 1 | AQ64: 0.988373 | AR64: None | AS64: z | AT64: TRUE | AU64: 89.26263 | AV64: 89.30755 | BH64: 4 | BI64: 1 | BJ64: 2025-11-17_16h26.13.514 | BK64: solo project | BM64: 2025.1.1 | BN64: 121.2402 | BO64: 2025-11-17 16h26.27.151474 +0530 | BQ64: 04_solo project_2025-11-17_16h26.13.514.csv
A65: music | B65: platek | C65: unrelated | D65: nonword | E65: z | F65: 68 | G65: 68 | H65: 0 | I65: z | J65: 1 | K65: 0.588692 | L65: None | M65: 0 | N65: 68 | O65: 68 | P65: 87 | Q65: 90.30888 | AD65: 90.29886 | AE65: 90.30888 | AF65: 90.4468 | AG65: 90.44686 | AH65: 90.45542 | AI65: 90.48973 | AJ65: 90.49365 | AK65: 90.50024 | AL65: 90.50024 | AN65: 91.09137 | AO65: z | AP65: 1 | AQ65: 0.588692 | AR65: None | AS65: z | AT65: TRUE | AU65: 90.45542 | AV65: 90.50024 | BH65: 4 | BI65: 1 | BJ65: 2025-11-17_16h26.13.514 | BK65: solo project | BM65: 2025.1.1 | BN65: 121.2402 | BO65: 2025-11-17 16h26.27.151474 +0530 | BQ65: 04_solo project_2025-11-17_16h26.13.514.csv
A66: doctor | B66: table | C66: unrelated | D66: word | E66: m | F66: 69 | G66: 69 | H66: 0 | I66: m | J66: 1 | K66: 1.117901 | L66: None | M66: 0 | N66: 69 | O66: 69 | P66: 25 | Q66: 91.10143 | AD66: 91.09175 | AE66: 91.10143 | AF66: 91.23933 | AG66: 91.23941 | AH66: 91.24597 | AI66: 91.28221 | AJ66: 91.2854 | AK66: 91.29199 | AL66: 91.29199 | AN66: 92.41507 | AO66: m | AP66: 1 | AQ66: 1.117901 | AR66: None | AS66: m | AT66: TRUE | AU66: 91.24597 | AV66: 91.29199 | BH66: 4 | BI66: 1 | BJ66: 2025-11-17_16h26.13.514 | BK66: solo project | BM66: 2025.1.1 | BN66: 121.2402 | BO66: 2025-11-17 16h26.27.151474 +0530 | BQ66: 04_solo project_2025-11-17_16h26.13.514.csv
A67: pen | B67: shoep | C67: unrelated | D67: nonword | E67: z | F67: 70 | G67: 70 | H67: 0 | I67: z | J67: 1 | K67: 0.621486 | L67: None | M67: 0 | N67: 70 | O67: 70 | P67: 93 | Q67: 92.42534 | AD67: 92.41549 | AE67: 92.42534 | AF67: 92.56289 | AG67: 92.56295 | AH67: 92.57283 | AI67: 92.60663 | AJ67: 92.61096 | AK67: 92.61761 | AL67: 92.61761 | AN67: 93.24137 | AO67: z | AP67: 1 | AQ67: 0.621486 | AR67: None | AS67: z | AT67: TRUE | AU67: 92.57283 | AV67: 92.61761 | BH67: 4 | BI67: 1 | BJ67: 2025-11-17_16h26.13.514 | BK67: solo project | BM67: 2025.1.1 | BN67: 121.2402 | BO67: 2025-11-17 16h26.27.151474 +0530 | BQ67: 04_solo project_2025-11-17_16h26.13.514.csv
A68: river | B68: water | C68: related | D68: word | E68: m | F68: 71 | G68: 71 | H68: 0 | I68: m | J68: 1 | K68: 0.910114 | L68: None | M68: 0 | N68: 71 | O68: 71 | P68: 9 | Q68: 93.25189 | AD68: 93.24186 | AE68: 93.25189 | AF68: 93.39173 | AG68: 93.39182 | AH68: 93.39948 | AI68: 93.43995 | AJ68: 93.44408 | AK68: 93.44882 | AL68: 93.44882 | AN68: 94.36592 | AO68: m | AP68: 1 | AQ68: 0.910114 | AR68: None | AS68: m | AT68: TRUE | AU68: 93.39948 | AV68: 93.44882 | BH68: 4 | BI68: 1 | BJ68: 2025-11-17_16h26.13.514 | BK68: solo project | BM68: 2025.1.1 | BN68: 121.2402 | BO68: 2025-11-17 16h26.27.151474 +0530 | BQ68: 04_solo project_2025-11-17_16h26.13.514.csv
... A85: book | B85: pageq | C85: related | D85: nonword | E85: z | F85: 89 | G85: 89 | H85: 0 | I85: z | J85: 1 | K85: 0.446707 | L85: None | M85: 0 | N85: 89 | O85: 89 | P85: 58 | Q85: 109.1088 | AD85: 109.0984 | AE85: 109.1088 | AF85: 109.2461 | AG85: 109.2461 | AH85: 109.2561 | AI85: 109.2896 | AJ85: 109.2942 | AK85: 109.3008 | AL85: 109.3008 | AN85: 109.7582 | AO85: z | AP85: 1 | AQ85: 0.446707 | AR85: None | AS85: z | AT85: TRUE | AU85: 109.2561 | AV85: 109.3008 | BH85: 4 | BI85: 1 | BJ85: 2025-11-17_16h26.13.514 | BK85: solo project | BM85: 2025.1.1 | BN85: 121.2402 | BO85: 2025-11-17 16h26.27.151474 +0530 | BQ85: 04_solo project_2025-11-17_16h26.13.514.csv
A86: cat | B86: pencil | C86: unrelated | D86: word | E86: m | F86: 91 | G86: 91 | H86: 0 | I86: m | J86: 1 | K86: 0.639859 | L86: None | M86: 0 | N86: 91 | O86: 91 | P86: 26 | Q86: 110.4586 | AD86: 110.4483 | AE86: 110.4586 | AF86: 110.6055 | AG86: 110.6056 | AH86: 110.6224 | AI86: 110.6562 | AJ86: 110.6601 | AK86: 110.6667 | AL86: 110.6667 | AN86: 111.3142 | AO86: m | AP86: 1 | AQ86: 0.639859 | AR86: None | AS86: m | AT86: TRUE | BH86: 4 | BI86: 1 | BJ86: 2025-11-17_16h26.13.514 | BK86: solo project | BM86: 2025.1.1 | BN86: 121.2402 | BO86: 2025-11-17 16h26.27.151474 +0530 | BQ86: 04_solo project_2025-11-17_16h26.13.514.csv
A87: cat | B87: pencilu | C87: unrelated | D87: nonword | E87: z | F87: 92 | G87: 92 | H87: 0 | I87: z | J87: 1 | K87: 0.632268 | L87: None | M87: 0 | N87: 92 | O87: 92 | P87: 76 | Q87: 111.3249 | AD87: 111.3146 | AE87: 111.3249 | AF87: 111.4654 | AG87: 111.4655 | AH87: 111.4721 | AI87: 111.5065 | AJ87: 111.5105 | AK87: 111.5172 | AL87: 111.5172 | AN87: 112.1577 | AO87: z | AP87: 1 | AQ87: 0.632268 | AR87: None | AS87: z | AT87: TRUE | AV87: 111.5172 | BH87: 4 | BI87: 1 | BJ87: 2025-11-17_16h26.13.514 | BK87: solo project | BM87: 2025.1.1 | BN87: 121.2402 | BO87: 2025-11-17 16h26.27.151474 +0530 | BQ87: 04_solo project_2025-11-17_16h26.13.514.csv
A88: pen | B88: shoe | C88: unrelated | D88: word | E88: m | F88: 93 | G88: 93 | H88: 0 | I88: m | J88: 1 | K88: 0.642449 | L88: None | M88: 0 | N88: 93 | O88: 93 | P88: 43 | Q88: 112.1681 | AD88: 112.1582 | AE88: 112.1681 | AF88: 112.3062 | AG88: 112.3062 | AH88: 112.3128 | AI88: 112.3463 | AJ88: 112.3496 | AK88: 112.372 | AL88: 112.372 | AN88: 113.0247 | AO88: m | AP88: 1 | AQ88: 0.642449 | AR88: None | AS88: m | AT88: TRUE | AU88: 112.3128 | AV88: 112.372 | BH88: 4 | BI88: 1 | BJ88: 2025-11-17_16h26.13.514 | BK88: solo project | BM88: 2025.1.1 | BN88: 121.2402 | BO88: 2025-11-17 16h26.27.151474 +0530 | BQ88: 04_solo project_2025-11-17_16h26.13.514.csv
A89: cat | B89: dog | C89: related | D89: word | E89: m | F89: 94 | G89: 94 | H89: 0 | I89: m | J89: 1 | K89: 0.638193 | L89: None | M89: 0 | N89: 94 | O89: 94 | P89: 1 | Q89: 113.0328 | AD89: 113.0251 | AE89: 113.0328 | AF89: 113.1735 | AG89: 113.1736 | AH89: 113.1814 | AI89: 113.2228 | AJ89: 113.2264 | AK89: 113.2383 | AL89: 113.2383 | AN89: 113.8811 | AO89: m | AP89: 1 | AQ89: 0.638193 | AR89: None | AS89: m | AT89: TRUE | AU89: 113.1814 | AV89: 113.2383 | BH89: 4 | BI89: 1 | BJ89: 2025-11-17_16h26.13.514 | BK89: solo project | BM89: 2025.1.1 | BN89: 121.2402 | BO89: 2025-11-17 16h26.27.151474 +0530 | BQ89: 04_solo project_2025-11-17_16h26.13.514.csv
A90: bread | B90: butter | C90: related | D90: word | E90: m | F90: 95 | G90: 95 | H90: 0 | I90: m | J90: 1 | K90: 0.581381 | L90: None | M90: 0 | N90: 95 | O90: 95 | P90: 3 | Q90: 113.8896 | AD90: 113.8815 | AE90: 113.8896 | AF90: 114.0247 | AG90: 114.0247 | AH90: 114.0325 | AI90: 114.0726 | AJ90: 114.0783 | AK90: 114.0851 | AL90: 114.0851 | AN90: 114.6746 | AO90: m | AP90: 1 | AQ90: 0.581381 | AR90: None | AS90: m | AT90: TRUE | AU90: 114.0325 | AV90: 114.0851 | BH90: 4 | BI90: 1 | BJ90: 2025-11-17_16h26.13.514 | BK90: solo project | BM90: 2025.1.1 | BN90: 121.2402 | BO90: 2025-11-17 16h26.27.151474 +0530 | BQ90: 04_solo project_2025-11-17_16h26.13.514.csv
A91: doctor | B91: tabler | C91: unrelated | D91: nonword | E91: z | F91: 96 | G91: 96 | H91: 0 | I91: z | J91: 1 | K91: 0.664156 | L91: None | M91: 0 | N91: 96 | O91: 96 | P91: 75 | Q91: 114.6851 | AD91: 114.675 | AE91: 114.6851 | AF91: 114.8224 | AG91: 114.8225 | AH91: 114.8288 | AI91: 114.8616 | AJ91: 114.8651 | AK91: 114.8723 | AL91: 114.8723 | AN91: 115.5412 | AO91: z | AP91: 1 | AQ91: 0.664156 | AR91: None | AS91: z | AT91: TRUE | AU91: 114.8288 | AV91: 114.8723 | BH91: 4 | BI91: 1 | BJ91: 2025-11-17_16h26.13.514 | BK91: solo project | BM91: 2025.1.1 | BN91: 121.2402 | BO91: 2025-11-17 16h26.27.151474 +0530 | BQ91: 04_solo project_2025-11-17_16h26.13.514.csv
A92: bird | B92: cupq | C92: unrelated | D92: nonword | E92: z | F92: 97 | G92: 97 | H92: 0 | I92: z | J92: 1 | K92: 0.584106 | L92: None | M92: 0 | N92: 97 | O92: 97 | P92: 85 | Q92: 115.5519 | AD92: 115.5417 | AE92: 115.5519 | AF92: 115.6895 | AG92: 115.6896 | AH92: 115.6959 | AI92: 115.7296 | AJ92: 115.7328 | AK92: 115.7403 | AL92: 115.7403 | AN92: 116.3315 | AO92: z | AP92: 1 | AQ92: 0.584106 | AR92: None | AS92: z | AT92: TRUE | AU92: 115.6959 | AV92: 115.7403 | BH92: 4 | BI92: 1 | BJ92: 2025-11-17_16h26.13.514 | BK92: solo project | BM92: 2025.1.1 | BN92: 121.2402 | BO92: 2025-11-17 16h26.27.151474 +0530 | BQ92: 04_solo project_2025-11-17_16h26.13.514.csv
A93: rain | B93: cloudx | C93: related | D93: nonword | E93: z | F93: 98 | G93: 98 | H93: 0 | I93: z | J93: 1 | K93: 0.469872 | L93: None | M93: 0 | N93: 98 | O93: 98 | P93: 67 | Q93: 116.3425 | AD93: 116.3319 | AE93: 116.3425 | AF93: 116.4814 | AG93: 116.4814 | AH93: 116.4896 | AI93: 116.523 | AJ93: 116.5269 | AK93: 116.5335 | AL93: 116.5335 | AN93: 117.0076 | AO93: z | AP93: 1 | AQ93: 0.469872 | AR93: None | AS93: z | AT93: TRUE | AU93: 116.4896 | AV93: 116.5335 | BH93: 4 | BI93: 1 | BJ93: 2025-11-17_16h26.13.514 | BK93: solo project | BM93: 2025.1.1 | BN93: 121.2402 | BO93: 2025-11-17 16h26.27.151474 +0530 | BQ93: 04_solo project_2025-11-17_16h26.13.514.csv
A94: rain | B94: cloud | C94: related | D94: word | E94: m | F94: 99 | G94: 99 | H94: 0 | I94: m | J94: 1 | K94: 0.499403 | L94: None | M94: 0 | N94: 99 | O94: 99 | P94: 17 | Q94: 117.0177 | AD94: 117.008 | AE94: 117.0177 | AF94: 117.1566 | AG94: 117.1567 | AH94: 117.1631 | AI94: 117.1961 | AJ94: 117.1997 | AK94: 117.2219 | AL94: 117.2219 | AN94: 117.7245 | AO94: m | AP94: 1 | AQ94: 0.499403 | AR94: None | AS94: m | AT94: TRUE | AU94: 117.1631 | AV94: 117.2219 | BH94: 4 | BI94: 1 | BJ94: 2025-11-17_16h26.13.514 | BK94: solo project | BM94: 2025.1.1 | BN94: 121.2402 | BO94: 2025-11-17 16h26.27.151474 +0530 | BQ94: 04_solo project_2025-11-17_16h26.13.514.csv

Sheet P5
A1: prime | B1: target | C1: relation | D1: target_type | E1: correct_key | F1: thisN | G1: thisTrialN | H1: thisRepN | I1: key_resp.keys | J1: key_resp.corr | K1: key_resp.rt | L1: key_resp.duration | M1: trials.thisRepN | N1: trials.thisTrialN | O1: trials.thisN | P1: trials.thisIndex | Q1: thisRow.t | R1: notes | S1: trial.started | T1: instr_text.started | U1: instr_key.started | V1: trial.stopped | W1: instr_key.keys | X1: instr_key.rt | Y1: instr_key.duration | Z1: fixation.started | AA1: fixation1.started | AB1: fixation1.stopped | AC1: fixation.stopped | AD1: prime.started | AE1: prime_text.started | AF1: prime.stopped | AG1: gap.started | AH1: gap1.started | AI1: gap.stopped | AJ1: target_response.started | AK1: target_text.started | AL1: key_resp.started | AM1: target_text.stopped | AN1: target_response.stopped | AO1: trials.key_resp.keys | AP1: trials.key_resp.corr | AQ1: trials.key_resp.rt | AR1: trials.key_resp.duration | AS1: response | AT1: correct | AU1: prime_text.stopped | AV1: gap1.stopped | AW1: iti.started | AX1: text.started | AY1: text.stopped | AZ1: iti.stopped | BA1: end.started | BB1: end_text.started | BC1: end_key.started | BD1: end.stopped | BE1: end_key.keys | BF1: end_key.rt | BG1: end_key.duration | BH1: participant | BI1: session | BJ1: date | BK1: expName | BL1: expVersion | BM1: psychopyVersion | BN1: frameRate | BO1: expStart | BP1: Unnamed: 67 | BQ1: participant_file | BR1: Unnamed: 65 | BS1: Unnamed: 66 | BT1: Unnamed: 56
A2: teacher | B2: banana | C2: unrelated | D2: word | E2: m | F2: 1 | G2: 1 | H2: 0 | I2: m | J2: 1 | K2: 1.295782 | L2: None | M2: 0 | N2: 1 | O2: 1 | P2: 29 | Q2: 8.901817 | AD2: 8.893026 | AE2: 8.901817 | AF2: 9.041883 | AG2: 9.041953 | AH2: 9.048506 | AI2: 9.081207 | AJ2: 9.084675 | AK2: 9.091895 | AL2: 9.091895 | AN2: 10.393 | AO2: m | AP2: 1 | AQ2: 1.295782 | AR2: None | AS2: m | AT2: TRUE | AU2: 9.048506 | AV2: 9.091895 | BH2: 5 | BI2: 1 | BJ2: 2025-11-17_16h28.56.327 | BK2: solo project | BM2: 2025.1.1 | BN2: 120.6823 | BO2: 2025-11-17 16h29.03.432767 +0530 | BQ2: 05_solo project_2025-11-17_16h28.56.327.csv
A3: king | B3: marker | C3: unrelated | D3: word | E3: m | F3: 2 | G3: 2 | H3: 0 | I3: m | J3: 1 | K3: 0.730421 | L3: None | M3: 0 | N3: 2 | O3: 2 | P3: 38 | Q3: 10.40849 | AD3: 10.39349 | AE3: 10.40849 | AF3: 10.54179 | AG3: 10.54183 | AH3: 10.54802 | AI3: 10.58147 | AJ3: 10.58572 | AK3: 10.59326 | AL3: 10.59326 | AN3: 11.32675 | AO3: m | AP3: 1 | AQ3: 0.730421 | AR3: None | AS3: m | AT3: TRUE | AU3: 10.54802 | AV3: 10.59326 | BH3: 5 | BI3: 1 | BJ3: 2025-11-17_16h28.56.327 | BK3: solo project | BM3: 2025.1.1 | BN3: 120.6823 | BO3: 2025-11-17 16h29.03.432767 +0530 | BQ3: 05_solo project_2025-11-17_16h28.56.327.csv
A4: pen | B4: paperz | C4: related | D4: nonword | E4: z | F4: 3 | G4: 3 | H4: 0 | I4: z | J4: 1 | K4: 0.823834 | L4: None | M4: 0 | N4: 3 | O4: 3 | P4: 68 | Q4: 11.33726 | AD4: 11.32725 | AE4: 11.33726 | AF4: 11.47537 | AG4: 11.47545 | AH4: 11.48213 | AI4: 11.51512 | AJ4: 11.51876 | AK4: 11.5407 | AL4: 11.5407 | AN4: 12.36664 | AO4: z | AP4: 1 | AQ4: 0.823834 | AR4: None | AS4: z | AT4: TRUE | AU4: 11.48213 | AV4: 11.5407 | BH4: 5 | BI4: 1 | BJ4: 2025-11-17_16h28.56.327 | BK4: solo project | BM4: 2025.1.1 | BN4: 120.6823 | BO4: 2025-11-17 16h29.03.432767 +0530 | BQ4: 05_solo project_2025-11-17_16h28.56.327.csv
A5: bird | B5: wing | C5: related | D5: word | E5: m | F5: 4 | G5: 4 | H5: 0 | I5: m | J5: 1 | K5: 0.692185 | L5: None | M5: 0 | N5: 4 | O5: 4 | P5: 10 | Q5: 12.37723 | AD5: 12.36705 | AE5: 12.37723 | AF5: 12.51558 | AG5: 12.51562 | AH5: 12.52448 | AI5: 12.55863 | AJ5: 12.56267 | AK5: 12.56939 | AL5: 12.56939 | AN5: 13.2671 | AO5: m | AP5: 1 | AQ5: 0.692185 | AR5: None | AS5: m | AT5: TRUE | AU5: 12.52448 | AV5: 12.56939 | BH5: 5 | BI5: 1 | BJ5: 2025-11-17_16h28.56.327 | BK5: solo project | BM5: 2025.1.1 | BN5: 120.6823 | BO5: 2025-11-17 16h29.03.432767 +0530 | BQ5: 05_solo project_2025-11-17_16h28.56.327.csv
A6: river | B6: waterr | C6: related | D6: nonword | E6: z | F6: 5 | G6: 5 | H6: 0 | I6: z | J6: 1 | K6: 1.036583 | L6: None | M6: 0 | N6: 5 | O6: 5 | P6: 59 | Q6: 13.27713 | AD6: 13.26749 | AE6: 13.27713 | AF6: 13.41579 | AG6: 13.41585 | AH6: 13.42434 | AI6: 13.45805 | AJ6: 13.46214 | AK6: 13.46894 | AL6: 13.46894 | AN6: 14.50985 | AO6: z | AP6: 1 | AQ6: 1.036583 | AR6: None | AS6: z | AT6: TRUE | AU6: 13.42434 | AV6: 13.46894 | BH6: 5 | BI6: 1 | BJ6: 2025-11-17_16h28.56.327 | BK6: solo project | BM6: 2025.1.1 | BN6: 120.6823 | BO6: 2025-11-17 16h29.03.432767 +0530 | BQ6: 05_solo project_2025-11-17_16h28.56.327.csv
A7: road | B7: streetq | C7: related | D7: nonword | E7: z | F7: 6 | G7: 6 | H7: 0 | I7: z | J7: 1 | K7: 0.973408 | L7: None | M7: 0 | N7: 6 | O7: 6 | P7: 69 | Q7: 14.51856 | AD7: 14.51024 | AE7: 14.51856 | AF7: 14.66018 | AG7: 14.66025 | AH7: 14.66769 | AI7: 14.70855 | AJ7: 14.7125 | AK7: 14.7191 | AL7: 14.7191 | AN7: 15.69938 | AO7: z | AP7: 1 | AQ7: 0.973408 | AR7: None | AS7: z | AT7: TRUE | AU7: 14.66769 | AV7: 14.7191 | BH7: 5 | BI7: 1 | BJ7: 2025-11-17_16h28.56.327 | BK7: solo project | BM7: 2025.1.1 | BN7: 120.6823 | BO7: 2025-11-17 16h29.03.432767 +0530 | BQ7: 05_solo project_2025-11-17_16h28.56.327.csv
A8: shirt | B8: cloth | C8: related | D8: word | E8: m | F8: 7 | G8: 7 | H8: 0 | I8: m | J8: 1 | K8: 0.661895 | L8: None | M8: 0 | N8: 7 | O8: 7 | P8: 16 | Q8: 15.70979 | AD8: 15.69967 | AE8: 15.70979 | AF8: 15.84804 | AG8: 15.8481 | AH8: 15.85786 | AI8: 15.89063 | AJ8: 15.89396 | AK8: 15.90057 | AL8: 15.90057 | AN8: 16.56673 | AO8: m | AP8: 1 | AQ8: 0.661895 | AR8: None | AS8: m | AT8: TRUE | AU8: 15.85786 | AV8: 15.90057 | BH8: 5 | BI8: 1 | BJ8: 2025-11-17_16h28.56.327 | BK8: solo project | BM8: 2025.1.1 | BN8: 120.6823 | BO8: 2025-11-17 16h29.03.432767 +0530 | BQ8: 05_solo project_2025-11-17_16h28.56.327.csv
A9: bird | B9: cup | C9: unrelated | D9: word | E9: m | F9: 8 | G9: 8 | H9: 0 | I9: m | J9: 1 | K9: 0.724023 | L9: None | M9: 0 | N9: 8 | O9: 8 | P9: 35 | Q9: 16.57724 | AD9: 16.56727 | AE9: 16.57724 | AF9: 16.71411 | AG9: 16.71416 | AH9: 16.72469 | AI9: 16.75851 | AJ9: 16.76224 | AK9: 16.77646 | AL9: 16.77646 | AN9: 17.51023 | AO9: m | AP9: 1 | AQ9: 0.724023 | AR9: None | AS9: m | AT9: TRUE | AU9: 16.72469 | AV9: 16.77646 | BH9: 5 | BI9: 1 | BJ9: 2025-11-17_16h28.56.327 | BK9: solo project | BM9: 2025.1.1 | BN9: 120.6823 | BO9: 2025-11-17 16h29.03.432767 +0530 | BQ9: 05_solo project_2025-11-17_16h28.56.327.csv
A10: ball | B10: gameu | C10: related | D10: nonword | E10: z | F10: 9 | G10: 9 | H10: 0 | I10: z | J10: 1 | K10: 0.66072 | L10: None | M10: 0 | N10: 9 | O10: 9 | P10: 73 | Q10: 17.52054 | AD10: 17.51059 | AE10: 17.52054 | AF10: 17.65776 | AG10: 17.6578 | AH10: 17.66396 | AI10: 17.69792 | AJ10: 17.70275 | AK10: 17.70974 | AL10: 17.70974 | AN10: 18.37634 | AO10: z | AP10: 1 | AQ10: 0.66072 | AR10: None | AS10: z | AT10: TRUE | AU10: 17.66396 | AV10: 17.70974 | BH10: 5 | BI10: 1 | BJ10: 2025-11-17_16h28.56.327 | BK10: solo project | BM10: 2025.1.1 | BN10: 120.6823 | BO10: 2025-11-17 16h29.03.432767 +0530 | BQ10: 05_solo project_2025-11-17_16h28.56.327.csv
A11: cat | B11: dogt | C11: related | D11: nonword | E11: z | F11: 10 | G11: 10 | H11: 0 | I11: z | J11: 1 | K11: 0.781414 | L11: None | M11: 0 | N11: 10 | O11: 10 | P11: 51 | Q11: 18.38712 | AD11: 18.37685 | AE11: 18.38712 | AF11: 18.52471 | AG11: 18.52479 | AH11: 18.53136 | AI11: 18.56423 | AJ11: 18.56799 | AK11: 18.575 | AL11: 18.575 | AN11: 19.35947 | AO11: z | AP11: 1 | AQ11: 0.781414 | AR11: None | AS11: z | AT11: TRUE | AU11: 18.53136 | AV11: 18.575 | BH11: 5 | BI11: 1 | BJ11: 2025-11-17_16h28.56.327 | BK11: solo project | BM11: 2025.1.1 | BN11: 120.6823 | BO11: 2025-11-17 16h29.03.432767 +0530 | BQ11: 05_solo project_2025-11-17_16h28.56.327.csv
A12: cup | B12: teaf | C12: related | D12: nonword | E12: z | F12: 11 | G12: 11 | H12: 0 | I12: z | J12: 1 | K12: 0.912686 | L12: None | M12: 0 | N12: 11 | O12: 11 | P12: 65 | Q12: 19.36984 | AD12: 19.35989 | AE12: 19.36984 | AF12: 19.50823 | AG12: 19.50827 | AH12: 19.51443 | AI12: 19.55835 | AJ12: 19.56209 | AK12: 19.5687 | AL12: 19.5687 | AN12: 20.48323 | AO12: z | AP12: 1 | AQ12: 0.912686 | AR12: None | AS12: z | AT12: TRUE | AU12: 19.51443 | AV12: 19.5687 | BH12: 5 | BI12: 1 | BJ12: 2025-11-17_16h28.56.327 | BK12: solo project | BM12: 2025.1.1 | BN12: 120.6823 | BO12: 2025-11-17 16h29.03.432767 +0530 | BQ12: 05_solo project_2025-11-17_16h28.56.327.csv
A13: music | B13: platek | C13: unrelated | D13: nonword | E13: z | F13: 12 | G13: 12 | H13: 0 | I13: z | J13: 1 | K13: 1.096534 | L13: None | M13: 0 | N13: 12 | O13: 12 | P13: 87 | Q13: 20.49342 | AD13: 20.48372 | AE13: 20.49342 | AF13: 20.63142 | AG13: 20.63146 | AH13: 20.64165 | AI13: 20.6746 | AJ13: 20.6783 | AK13: 20.68488 | AL13: 20.68488 | AN13: 21.79349 | AO13: z | AP13: 1 | AQ13: 1.096534 | AR13: None | AS13: z | AT13: TRUE | AU13: 20.64165 | AV13: 20.68488 | BH13: 5 | BI13: 1 | BJ13: 2025-11-17_16h28.56.327 | BK13: solo project | BM13: 2025.1.1 | BN13: 120.6823 | BO13: 2025-11-17 16h29.03.432767 +0530 | BQ13: 05_solo project_2025-11-17_16h28.56.327.csv
A14: shoe | B14: keyboardm | C14: unrelated | D14: nonword | E14: z | F14: 13 | G14: 13 | H14: 0 | I14: z | J14: 1 | K14: 1.485344 | L14: None | M14: 0 | N14: 13 | O14: 13 | P14: 96 | Q14: 21.8032 | AD14: 21.79389 | AE14: 21.8032 | AF14: 21.94133 | AG14: 21.94141 | AH14: 21.94792 | AI14: 21.98161 | AJ14: 21.98617 | AK14: 21.99301 | AL14: 21.99301 | AM14: 23.49367 | AN14: 23.48331 | AO14: z | AP14: 1 | AQ14: 1.485344 | AR14: None | AS14: z | AT14: TRUE | AU14: 21.94792 | AV14: 21.99301 | BH14: 5 | BI14: 1 | BJ14: 2025-11-17_16h28.56.327 | BK14: solo project | BM14: 2025.1.1 | BN14: 120.6823 | BO14: 2025-11-17 16h29.03.432767 +0530 | BQ14: 05_solo project_2025-11-17_16h28.56.327.csv
